Name,Cluster
#Gadhvi (He thought he was Gandhi),1
#Yaaram,1
...Aur Pyaar Ho Gaya,1
...Yahaan,1
?: A Question Mark,1
@Andheri,1
1:1.6 An Ode to Lost Love,1
1:13:7 Ek Tera Saath,1
100 Days,1
100% Love,1
102 Not Out,0
10ml LOVE,1
12 O'Clock,1
12 O'Clock,1
127 B,1
13B: Fear Has a New Address,1
15 Park Avenue,1
15th August,1
16 December,1
18.11,1
19 Revolutions,1
1920,1
1920 London,1
1920: Evil Returns,1
1921,1
1942: A Love Story,1
1971,1
1978: A Teen Night Out,1
1982 - A Love Marriage,3
2 Nights in Soul Valley,1
2 October,1
2 States,1
2.0,4
2001: Do Hazaar Ek,1
2016 the End,3
22 Days,1
22 June 1897,1
22 Yards,1
23rd March 1931: Shaheed,1
27 Down,1
3 AM: A Paranormal Experience,1
3 Bachelors,1
3 Deewarein,1
3 Dev,3
3 Idiots,0
3 Storeys,1
3.0 Megapixel,1
31st October,1
36 China Town,1
36 Chowringhee Lane,1
376 D,1
377 AbNormal,1
3D Saamri,1
3G: A Killer Connection,1
3rd EYE,1
404: Error Not Found,1
417 Miles,1
498A-The Wedding Gift,1
5 Ghantey Mien 5 Crore,1
5 Rifles,1
5ters: Castle of Dark Master,1
6-5=2,1
68 Pages,1
7 1/2 Phere: More Than a Wedding,0
7 Bijliyaan,1
7 Hours to Go,1
7 Islands and a Metro,1
7 Khoon Maaf,1
7 Saal Baad,1
706,1
72 Hours: Martyr Who Never Died,1
8 x 10 Tasveer,1
8119 Miles,1
88 Antop Hill,1
9 O' Clock,1
99,1
99 Songs,1
99.9 FM,1
A Billion Colour Story,1
A Daughter's Tale PANKH,1
A Death in the Gunj,1
A Film by Aravind,1
A Flat,1
A Flying Jatt,1
A Game Called Relationship,1
A Gentleman,1
A Gift of Love: Sifar,1
A Journey of Samyak Buddha,1
A New Love Ishtory,1
A Scandall,1
A Sublime Love Story: Barsaat,1
A Thin Line,1
A Wednesday,1
Aa Ab Laut Chalen,1
AA BB KK,1
Aa Dekhen Zara,1
Aa Gale Lag Jaa,1
Aa Gale Lag Jaa,1
Aa Gaya Hero,1
Aa Jao Please,1
Aabra Ka Daabra,1
Aabroo,1
Aadamkhor,1
Aadat Se Majboor,1
Aadha Din Aadhee Raat,1
Aadhaar,1
Aadharshila,1
Aadhi Bhagavan,1
Aadhi Raat,1
Aadmi,1
Aadmi,1
Aadmi Aur Apsara,1
Aadmi Aur Insaan,1
Aadmi Khilona Hai,1
Aadmi Ki Aurat Aur Anya Kahaniya,1
Aadmi Sadak Ka,1
Aadupuliyattam,1
Aafat,1
Aag,1
Aag,1
Aag Aur Chingari,1
Aag Hi Aag,1
Aag Ka Gola,1
Aag Ka Toofaan,1
Aag Ke Sholay,1
Aag Se Khelenge,1
Aage Maut Peeche Maut,1
Aagey Se Right,1
Aaghaaz,1
Aah,1
Aahuti,1
Aaina,1
Aaina,1
Aaj,1
Aaj Aur Kal,1
Aaj Ka Andha Kanoon,1
Aaj Ka Arjun,1
Aaj Ka Daur,1
Aaj Ka Goonda Raaj,1
Aaj Ka Mahaatma,1
Aaj Ka Ravan,1
Aaj Ka Samson,1
Aaj Kaa M.L.A. Ram Avtar,1
Aaj Ke Angaarey,1
Aaj Ke Shahenshah,1
Aaj Ki Awaz,1
Aaja Meri Jaan,1
Aaja Nachle,1
Aaja Sanam,1
Aakhree Raasta,1
Aakhri Adaalat,1
Aakhri Baazi,1
Aakhri Badla,1
Aakhri Ghulam,1
Aakhri Kasam,1
Aakhri Khat,1
Aakhri Sangam,1
Aakhri Sanghursh,1
Aakraman,1
Aakrosh,1
Aakrosh,1
Aalaap,1
Aalavandhan,1
Aalwar,1
Aamaar Bhuvan,1
Aamdani Atthanni Kharcha Rupaiya,1
Aamir,1
Aamne - Saamne,1
Aamne Samne,1
Aan Aur Shaan,1
Aan Milo Sajna,1
Aan: Men at Work,1
Aanch,1
Aanchal,1
Aandhi,1
Aandhi-Toofan,1
Aandhiyan,1
Aandhiyan,1
Aani Maani,1
Aankhen,1
Aankhen,1
Aankhon Aankhon Mein,1
Aansoo Aur Muskan,1
Aao Pyaar Karen,1
Aao Wish Karein,1
Aap Aye Bahaar Ayee,1
Aap Beati,1
Aap Ki Kasam,1
Aap Ki Khatir,1
Aap Ki Khatir,1
Aap Ki Parchhaiyan,2
Aap Mujhe Achche Lagne Lage,1
Aap To Aise Na The,1
Aapas Ki Baat,1
Aapko Pehle Bhi Kahin Dekha Hai,1
Aar Paar,1
Aar Ya Paar,1
Aarakshan,1
Aarop,1
Aar-Paar,1
Aarti,1
Aarya,1
Aarzoo,1
Aasha,1
Aasha,1
Aashayein,1
Aashiq,1
Aashiq,1
Aashiq Banaya Aapne: Love Takes Over,1
Aashiq Hoon Baharon Ka,1
Aashiqui,1
Aashiqui 2,1
Aashiqui.In,1
Aashirwad,1
Aashmani Jawaharat,1
Aasma,1
Aasma: The Sky Is the Limit,1
Aasmaan,1
Aasmaan Mahal,1
Aasmaan Se Gira,1
Aasoo Bane Angaarey,1
Aasra,1
Aastha: In the Prison of Spring,1
Aatank,1
Aatank Hi Aatank,1
Aathi,1
Aatish,1
Aatish: Feel the Fire,1
Aatma,1
Aatma,1
Aavida Maa Aavide,1
Aavishkar,1
Aawaz,1
Aaya Toofan,1
Aaya Toofan,1
Aaye Din Bahar Ke,1
Aazaan,1
Aazmayish,1
Ab Ayega Mazaa,3
Ab Dilli Dur Nahin,1
Ab Hoga Dharna Unlimited,3
Ab Insaf Hoga,1
Ab Tak Chhappan,1
Ab Tak Chhappan 2,1
Ab To Aaja Saajan Mere,1
Ab Tumhare Hawale Watan Saathiyo,1
Ab... Bas!,1
ABCD (Any Body Can Dance),1
Abdullah,1
Abe Hayat,1
Abhay,1
Abhi To Jee Lein,1
Abhilasha,1
Abhimaan,1
Abhimanyu,1
Abhimanyu,1
Abhinetri,1
Abodh,1
Accident on Hill Road,1
Achanak,1
Achanak,1
Achhut Kanya,1
Acid Factory,1
Action,1
Action Jackson,1
Action Replayy,1
Ada... A Way of Life,1
Adalat,1
Adalat,1
Adhi Raat Ke Baad,1
Adhikar,1
Adhipathi,1
Adhura Sapna,1
Adhurs,1
Adi Shankaracharya,1
Adil-E-Jahangir,1
Adisaya Piravi,1
Adrishya,1
Adutha Varisu,1
Adventure Kids Hindi Film,1
Adventures of Aladdin,1
Adventures of Ali-Baba and the Forty Thieves,1
Adventures of Tarzan,1
Ae Dil Hai Mushkil,1
Aetbaar,1
Aflatoon,1
Africadalli Sheela,1
Afsana,1
Afsana,1
Afsana Dilwalon Ka,1
Afsana Pyar Ka,1
Afsar,1
After the Third Bell,1
Agar Tum Na Hote,1
Agathiyar,1
Agent Vinod,1
Agent Vinod,1
Aghaat,1
Agnee,1
Agnee Morcha,1
Agneekaal,1
Agneepath,1
Agneepath,1
Agni IPS,1
Agni Pareeksha,1
Agni Sakshi,1
Agnichakra,1
Agniputra,1
Agnivarsha: The Fire and the Rain,1
Agreement,1
Agyaat,1
Ahaan,0
Ahankaar,1
Ahinsa,1
Ahista Ahista,1
Ahista Ahista,1
Ahsaas,1
Airlift,1
Aisa Yeh Jahaan,1
Aisha,1
Aisi Bhi Kya Jaldi Hai,1
Aisi Deewangi,1
Aitbaar,1
Aitraaz,1
Aiyaary,1
Aiyyaa,1
Ajab Gazabb Love,1
Ajab Prem Ki Ghazab Kahani,1
Ajab Singh Ki Gajab Kahani,1
Ajanabee,1
Ajay,1
Ajeeb Daastaans,1
Ajji,1
Ajnabee,1
Ajooba,1
AK 47,1
AK vs AK,1
Akaash Vani,1
Akashdeep,1
Akayla,1
Akbar Saleem Anarkali,1
Akela the Alone,1
Akele Hum Akele Tum,1
Akeli,1
Akhiyon Se Goli Maare,1
Akhri Muqabla,1
Aks,1
Aksar,1
Aksar 2,1
Alaap,1
Aladdin and the Wonderful Lamp,1
Aladin,1
Alag Alag,1
Alag: He Is Different.... He Is Alone...,1
Alajh Palajh,3
Alam Ara,1
Alavuddinum Athbutha Vilakkum,1
Albela,1
Albela,1
Albert Pinto Ko Gussa Kyon Ata Hai,1
Albert Pinto Ko Gussa Kyun Aata Hai?,1
Alex's Strip,1
Ali Baba and 40 Thieves,1
Alibaba and 40 Thieves,1
Alibaba Marjinaa,1
Alif,1
Alif-Laila,1
Aligarh,1
All Is Well,1
All Ladies Do It,1
All Rounder,1
All the Best: Fun Begins,1
Allah Ke Banday,1
Allah Meharban To Gadha Pehalwan,3
Allah-Rakha,1
Alone,1
Always Kabhi Kabhi,1
Amaanat,1
Aman,1
Aman Ke Farishtey,1
Amanush,1
Amar,1
Amar Deep,1
Amar Jyoti,1
Amar Prem,1
Amar Prem,1
Amar Rahe Ye Pyar,1
Amar Shakti,1
"Amar, Akbar and Anthony",1
Amavas,1
Amba,1
Amber,1
Amdavad Junction,1
American Desi,1
Amir Garib,1
Amiri Garibi,1
Amit Sahni Ki List,1
Amma,1
Amma Nagamma,1
Ammaa Ki Boli,0
Amrapali,1
Amrit,1
Amu,1
An Evening in Paris,1
An Insignificant Man,1
Anaarkali of Aarah,1
Anamika,1
Anand,1
Anand Math,1
Ananda Ashram,1
Anari,1
Anari,1
Anari,1
Anari No. 1,3
Anarkali,1
Anatomy of Violence,1
Andaaz,1
Andaz,1
Andaz,1
Andaz,1
Andaz Apna Apna,1
Andha Bichar,1
Andha Oru Nimidam,1
Andhaa Kaanoon,1
Andhadhun,1
Andhera,1
Andheri Raat Mein Diya Tere Haath Mein,0
Andhi Gali,1
Andolan,1
Angaar,1
Angaara,1
Angaaray,1
Angel,1
Angoor,3
Angoor,1
Angrakshak,1
Angrezi Medium,0
Angry Indian Goddesses,0
Angulimaal,1
Anhonee,1
Anhonee,1
Anita,1
Anjaam,1
Anjaam,1
Anjaana,1
Anjaana Anjaani,1
Anjaane: The Unkown,1
Anjan Hai Koyee,1
Anjaneya,1
Anjaneyulu,1
Ankahee,1
Ankahee,1
Ankhen,1
Ankhon Dekhi,0
Ankhon Mein Tum Ho,1
Ankur Arora Murder Case,1
Ankur: The Seedling,1
Ankush,1
Anmol,2
Anmol Ghadi,1
Anmol Sitaare,1
Anmol Tasveer,1
Anna,1
Annai Velankanni,1
Annamalai,1
Anokha,1
Anokha Aspatal,3
Anokha Bandhan,1
Anokha Milan,1
Anokha Moti,1
Anokhe Amar Shaheed Baba Deep Singh Ji,1
Anokhi Ada,1
Anokhi Ada,1
Anokhi Raat,1
Anpadh,1
Ansh: The Deadly Part,1
Ansoo Ban Gaye Phool,1
Antardwand,1
Antarnaad,1
Antenna,1
Anth,1
Anthony Kaun Hai?,1
Anubhav,1
Anubhav: An Experience,1
Anupama,1
Anuraag,1
Anuradha,1
Anuranan,1
Anurodh,1
Anwar,1
Any Body Can Dance 2,1
Apaatkaal,1
Apaharan,1
Apartment: Rent at Your Own Risk,1
Apna Asmaan,1
Apna Haath Jagannath,3
Apna Sapna Money Money,1
Apnapan,1
Apne,1
Apne Dam Par,1
Apne Dushman,1
Apne Paraye,1
Apne Rang Hazaar,1
Apradh,1
Apradhi,1
Apradhi Kaun?,1
April Fool,1
Aradhana,1
Aranyaka,1
Ardh Satya,1
Arjun,1
Arjun Devaa,1
Arjun Pandit,1
Arjun Patiala,1
Arjun: The Warrior Prince,1
Armaan,1
Armaan,2
Army,1
Arohan,1
Around the World,1
Arpan,1
Arth,1
Article 15,1
Arvind Desai Ki Ajeeb Dastaan,1
Aryan,1
Aryan: Unbreakable,1
Arzoo,1
Arzoo,1
Asambhav,1
Asana Travelogue,1
Ascharyachakit!,1
Asha Jyoti,2
Ashaant,1
Ashiana,1
Ashley,1
Ashok Chakra: Tribute to Real Heroes,1
Ashok Vatika,1
Ashoka the Great,1
Asli Naqli,1
Asli-Naqli,1
Astitva,1
Astounding Courage in Distress,1
Ata Pata Lapatta,1
Atal Faisla,1
Ateet,1
Athbhutha Dweepu,1
Athidhi,1
Atishbaz,1
Atithee,1
Atithi Kab Aoge Shhamshan,3
Atithi Tum Kab Jaoge?,3
Atkan Chatkan,1
Attahaasa,1
Aulad,0
Aulad Ke Dushman,1
Aunty No. 1,1
Aur Kaun?,1
Aur Pappu Pass Ho Gaya,3
Aurangzeb,1
Aurat,1
Aurat,0
Aurat Teri Yehi Kahani,1
Auto Driver,1
Autohead,1
Autumn,1
Auzaar,1
Avalude Ravukal,1
Avam,1
Avinash,1
Avsar,1
Avtaar,1
Awaara,1
Awaargi,1
Awaaz,1
Awara Badal,1
Awara Paagal Deewana,1
Awarapan,1
Awasaan,1
Awesome Mausam,1
Axone,0
Aya Sawan Jhoom Ke,1
Ayaash,1
Ayee Milan Ki Bela,1
Ayee Milan Ki Raat,1
Ayudha Pooja,1
Ayurveda: Art of Being,1
Azaad,1
Azaad,1
Azaad Desh Ke Gulam,1
Azad,1
Azhar,1
B for Bundelkhand,1
B.A. Pass,1
B.A. Pass 2,1
B.A. Pass 3,1
Baa Baaa Black Sheep,1
Baabarr,1
Baabul,2
Baadshah,1
Baadshaho,1
Baaghi,1
Baaghi,1
Baaghi 2,1
Baaghi 3,1
Baaghi: A Rebel for Love,1
Baaja,1
Baaki Itihaas,1
Baal Ki Khaal,3
Baankey Ki Crazy Baraat,3
Baap Numbri Beta Dus Numbri,1
Baap Re Baap,1
Baar Baar Dekho,1
Baaraat Company,1
Baarish,1
Baarish Aur Chowmein,1
Baarood (The Fire) - A Love Story,1
Baat Ban Jaye,3
Baat Bann Gayi,1
Baat Ek Raat Ki,1
Baaz,1
Baaz: A Bird in Danger,1
Baazaar,1
Baazi,1
Baazi,1
Baazi,1
Baazi,1
Baazigar,1
Baazigar,1
Babloo Happy Hai,1
Babu,1
Babul,1
Babul,1
Babula,1
Babumoshai Bandookbaaz,1
Baby,1
Bach ke Zara,1
Bachke Rehna Re Baba,1
Bachna Ae Haseeno,1
Bachpan,1
Back to Dad,1
Bad Aur Badnaam,1
Bad Boys,1
Bad Luck Govind,1
Bada Kabutar,1
Badal,1
Badal,1
Badal,1
Badaltey Rishtey,1
Bade Dil Wala,1
Bade Dilwala,1
Bade Ghar Ki Beti,1
Bade Miyan Chote Miyan,1
Badhaai Ho,0
Badhaai Ho Badhaai,1
Badhu Nirupama,1
Badi Bahen,1
Badi Didi,1
Badi Maa,1
Badkaar,1
Badla,1
Badla,1
Badla Aur Balidan,1
Badlapur,1
Badlapur Boys,1
Badle Ki Aag,1
Badmaa$h Company,1
Badmaash,1
Badman,0
Badmashiyaan,1
Badnaam Gali,3
Badnam Basti,1
Badrinath Ki Dulhania,1
Baga Beach,1
Bagh Bahadur,1
Baghavat,1
Baghban,1
Baghban,1
Bagpat Ka Dulha,1
Bahaar Aane Tak,1
Bahar,1
Baharen Phir Bhi Aayengi,1
Baharon Ke Sapne,1
Baharon Ki Manzil,1
Bahattar Hoorain,3
Bahen,1
Bahu Begum,1
Bahu Beti,1
Bahu Ki Awaaz,1
Bahurani,1
Bahut Din Huwe...,1
Bahut Hua Sammaan,1
Baiju Bawra,1
Baikunth,1
Bajatey Raho,1
Bajirao Mastani,1
Bajrangbali,1
Bajrangi Bhaijaan,1
Bal Bramhachari,1
Bal Ganesh 3,1
Bal Ganesh and the PomZom Planet,1
Bala,3
Balidaan,1
Balidaan,1
Balika Badhu,1
Ballad of Rustom,1
Ballavpur Ki Roopkatha,3
Balram Shri Krishna,1
Balwaan,1
Balwinder Singh Famous Ho Gaya,3
Bambai Raat Ki Bahon Mein,1
Bamfaad,1
Banaras,1
Banaras,1
Banarasi Babu,3
Banarasi Babu,1
Banarasi Thug,1
Band Baaja Baaraat,1
Bandh Darwaza,1
Bandhan,1
Bandhan,1
Bandhan Kuchchey Dhaagon Ka,1
Bandhe Haath,1
Bandhu,1
Bandi,1
Bandini,1
Bandish,1
Bandish,1
Bandit Queen,1
Bandook,1
Bang Bang,1
Bangistan,0
Banjaran,1
Banjo,1
Bank Chor,1
Bansuri: The Flute,1
Banwra,1
Bara-Dari,1
Barah Aana,1
Barbed Wired,1
Bardaasht,1
Barefoot to Goa,1
Barfi!,1
Barkha,1
Barkhaa,1
Barood,1
Barood,1
Barot House,1
Barsaat,1
Barsaat,1
Barsaat Ki Ek Raat,1
Barsaat Ki Raat,1
Barsaat Ki Raat,1
Bas Ek Pal,1
Bas Itna Sa Khwaab Hai...,1
Basant,1
Basant,1
Basant Bahar,1
Baseraa,1
Batla House,1
Baton Baton Mein,1
Battalion 609,1
Batti Gul Meter Chalu,1
Batwara,1
Bawandar,1
Bawarchi,1
Bawre Nain,1
Bazaar,1
Bazaar,1
Bazaar E Husn,1
Be-Careful,1
Bechain,1
Bedardi,1
Beehad - The Ravine,1
Bees Saal Baad,1
Bees Saal Baad,1
Befikre,1
Begum Jaan,1
Behen Hogi Teri,3
Behind the Mirror,1
Beiimaan Love,1
Be-Imaan,1
Bekaraar,1
Bekhudi,1
Bemisal,1
Benaam,1
Benaam,1
Benazir,1
Bengal Tiger,1
Benny and Babloo,0
Bepanaah,1
Be-Reham,1
Be-Shaque,1
Besharam,1
Besharam,1
Beta,1
Betaab,1
Betaabi,1
Betaaj Badshah,1
Beti,1
Beti Bete,1
Bewafa,1
Bewafa Sanam,1
Bewafaa,1
Bewafai,1
Bewaffa Se Waffa,1
Bewajah,1
Bewakoofiyaan,1
Bewaqoof,1
Beyond Blue: An Unnerving Tale of a Demented Mind,1
Beyond Bollywood,1
Beyond the Clouds,1
Bezubaan,1
Bezubaan Ishq,1
Bhaag Johnny,1
Bhaag Milkha Bhaag,1
Bhaagte Raho,3
Bhabhi,1
Bhabhi,1
Bhabhi Ki Chudiyan,1
Bhabhipedia,1
Bhadaas,1
Bhagam Bhag,1
Bhagam Bhag,1
Bhagawat Ek Jung,1
Bhageeratha,1
Bhagmati,1
Bhagwaan Dada,1
Bhagwan Parshuram,1
Bhagwan Shri Krishna,1
Bhagyawan,1
Bhai,1
Bhai Bahen,1
Bhai Bhai,1
Bhai Ho To Aisa,1
Bhai Thakur,1
Bhai-Bahen,1
Bhai-Bhai,1
Bhairav,1
Bhairava Dweepam,1
Bhairavi,1
Bhakta Siriyala,1
Bhakti Mein Shakti,1
Bhala Manus,1
Bhalevadivi Basu,1
Bhamashah,1
Bhangarh: The Last Episode,1
Bhangover,3
Bhangra Paa Le,1
Bhanwar,1
Bhanwarey,3
Bharat,1
Bharat Bhagya Vidhata,1
Bharat Milap,1
Bhasmasur,1
Bhavani Junction,1
Bhavesh Joshi Superhero,1
Bhavnao Ko Samjho,1
Bhavni Bhavai,0
Bhayaanak,1
Bhayaanak Mahal,1
Bhayaanak Panjaa,1
Bheegi Palkein,1
Bheegi Raat,1
Bheja Fry,0
Bheja Fry 2,0
Bhikharan,1
Bhindi Baazaar,1
BHK Bhalla@Halla.Kom,3
Bhobhar - The Live Ash,2
Bhonsle,1
Bhooka Sher,1
Bhooka Sher,1
Bhookailas,1
Bhool Bhulaiyaa,1
Bhoomi,1
Bhoot,1
Bhoot and Friends,1
Bhoot Bungla,1
Bhoot Ka Darr,1
Bhoot Returns,1
Bhoot: Part One - The Haunted Ship,1
Bhoothnath Returns,1
Bhootnath,1
Bhootnath,1
Bhopal Express,1
Bhopal: A Prayer for Rain,1
Bhopali,1
Bhor: Dawn,1
Bhouri,1
Bhrashtachar,1
Bhuddah Hoga Tera Baap,1
Bhumika,1
Bhuvan Shome,0
Bichhoo,1
Bidaai,1
Bidyapati,1
Big Brother,1
Bijuka,1
Billa No. 786,1
Billa Ranga,1
Billoo Baadshah,1
Billu,0
Billu Ustaad,1
Bin Badal Barsaat,1
Bin Bulaye Baraati,1
Bin Maa Ke Bachche,1
Bin Phere Free Me Tere,3
Bindiya Chamkegi,1
Bindiya Mange Bandook,1
Bioscopewala,1
Biradari,1
Biraj Bahu,1
Bitch,1
Bitter Chestnut,1
Bittoo Boss,1
Biwi Aur Makan,3
Biwi Ho To Aisi,0
Biwi No. 1,1
Biwi-O-Biwi,1
Black,1
Black & White,1
Black Cat,1
Black Friday,1
Black Home,1
Black Mountain,1
Black Rose,1
Blackboard vs Whiteboard,1
Blackmail,1
Blackmail,1
Blackmail,1
Blank,1
Blood Money,1
Blue,1
Blue Mountains,1
Blue Oranges,1
"Blue Skies, Green Waters, Red Earth",1
Bluff Master,1
Bluffmaster,1
Bobby,1
Bobby Jasoos,1
Bobby: Love and Lust,1
Bodyguard,1
Boichek,1
Bol Bachchan,1
Bol Radha Bol,1
Bole India Jai Bhim,1
Bollywood Diaries,1
Bollywood Villa,1
Bollywood: The Greatest Love Story Ever Told,1
Bolo Raam,1
Bomb Blast,1
Bombai Ka Babu,1
Bombairiya,1
Bombay 405 Miles,1
Bombay Boys,1
Bombay Rose,1
Bombay Talkies,1
Bombay to Bangkok,1
Bombay to Goa,1
Bombay Velvet,1
Bond of Love,1
Boom,1
Boond,1
Boot Polish,1
Border,1
Border Kashmir,1
Boss,1
Boxed,1
Boxer,1
Boy Friend,1
Boys Who Like Girls,1
Brahmachari,1
Break Ke Baad,1
Breakaway,1
Breaking Free,1
Bride & Prejudice,1
"Brother, Superhit!",1
Brothers,1
Bub (Father),1
Bubble Gum,1
Buchcha,1
Buddha in a Traffic Jam,1
Buddha Mar Gaya,3
Buddha Mil Gaya,1
Budhia Singh: Born to Run,1
Budtameez,1
Bulandi,1
Bulbbul,1
Bulbul Can Sing,1
Bulbule,3
Bullet,1
Bullet: Ek Dhamaka,1
Bullett Raja,1
Bumboo,3
Bumm Bumm Bole,1
Bumper Draw,3
Bunker,1
Bunty Aur Babli,1
Bye Bye Miss Goodnight,0
Bypass Road,1
C Kkompany,1
C U at 9,1
C.I.D.,1
C.I.D. 909,1
Cabaret,1
Calapor,1
Calcutta Mail,1
Calendar Girls,1
Call,1
Call for Fun,3
Cape Karma,1
Captain Nagarjuna,1
Captain Prabhakaran,1
Captain Vidyut,1
Car Thief,1
Caravan,1
Care of Footpath,1
Cargo,1
Cash,1
CC2C,1
Cecilia,1
Celluloid Man,1
Censor,1
Chaahat,1
Chaahat Ek Nasha...,1
Chaalbaaz,1
Chaalbaaz,1
Chaalis Chauraasi,1
Chaand Kaa Tukdaa,1
Chaani,1
Chaar Din Ki Chandni,1
Chaar Maharathi,1
Chaar Sahibzaade 2: Rise of Banda Singh Bahadur,1
Chaarfutiya Chhokare,1
Chacha Bhatija,1
Chachi 420,1
Chai Coffee,1
Chai Pani Etc.,3
Chain Kulii Ki Main Kulii,1
Chak De! India,1
Chakkar Pe Chakkar,1
Chakra,1
Chakradhaar,1
Chakravyuh,1
Chakravyuha,1
Chal Bhaag,3
Chal Chala Chal,1
Chal Guru Ho Jaa Shuru,3
Chal Mere Bhai,1
Chal Pichchur Banate Hain,0
Chala Murari Hero Banne,1
Chala Mussaddi - Office Office,0
Chale Chalo: The Lunacy of Film Making,1
Chalk N Duster,1
Challo Driver,3
Chalo Dilli,0
Chalo Ishq Ladaaye,1
Chalta Purza,1
Chalte Chalte,1
Chalte Chalte,1
Chalti Ka Naam Gaadi,1
Chaman Bahaar,0
Chamatkar,1
Chameli,1
Chameli Ki Shaadi,1
Chamku,1
Champion,1
Chanakya,1
Chance Pe Dance,1
Chand,1
Chand Aur Suraj,1
Chand Bujh Gaya,1
Chand Ke Paar Chalo,1
Chand Par Chadayee,1
Chand Sa Roshan Chehra,1
Chanda Aur Bijli,1
Chandaal Atma,1
Chandan Ka Palna,1
Chandni,1
Chandni Bar,1
Chandra,1
Chandra Mukhi,1
Chandrahas,1
Chandrasena,1
Chandrawal,1
Chandu,1
Changez Khan,1
Chann Pardesee,1
Char Diwari,1
Char Paise,1
Charandas Chor,1
Charas,1
Charas: A Joint Effort,1
Charitraheen,1
Charlie Kay Chakkar Mein,1
Chase,1
Chashme Baddoor,0
Chashme Buddoor,1
Chatpati,3
Chatur Singh Two Star,1
Chauhar,1
Chauraha,1
Chauranga,1
Chausar,1
Cheeni Kum,1
Chef,1
Chehere: A Modern Day Classic,1
Chehraa,1
Chehre Pe Chehra,1
Cheluvi,1
Chemmeen,1
Chennai Express,1
Chetna,1
Chetna: The Excitement,1
Chettaniki Kallu Levu,1
Chhailla Babu,1
Chhalaang,0
Chhalia,1
Chhapaak,1
Chhappad Phaad Ke,1
Chhatrapati Shivaji,1
Chhaya,1
Chhichhore,0
Chhodon Naa Yaar,1
Chhota Bheem and the Curse of Damyaan,1
Chhota Bheem and the Throne of Bali,1
Chhota Bheem Himalayan Adventure,1
Chhota Bheem in the Incan Adventure,1
Chhota Bheem Kung Fu Dhamaka,1
Chhota Chetan,1
Chhota Sa Ghar,1
Chhote Nawab,1
Chhote Sarkar,1
Chhoti Bahen,1
Chhoti Bahu,1
Chhoti Si Baat,1
Chhoti Si Mulaqat,1
Chhupa Rustam: A Musical Thriller,1
Chhupam Chhaai,1
Chicken Curry Law,1
Chicken Tikka Masala,1
Chidi Balla,1
Chidiya,1
Children of War,1
Children's Party,1
China Gate,1
China Town,1
Chinar Daastaan-E-Ishq,1
Chingaari,1
Chinnodu,1
Chintu Ji,0
Chintu Ka Birthday,1
Chipku,1
Chippa,1
Chitchor,1
Chitkabrey,1
Chittagong,1
Chocolate: Deep Dark Secrets,1
Choked,1
Choo Lenge Akash,1
Chopsticks,0
Chor Aur Chand,1
Chor Bazaari,3
Chor Bazar,1
Chor Chor Super Chor,1
Chor Machaaye Shor,1
Chor Machaye Shor,1
Chor Pe Mor,1
Chor Sipahee,1
Chori Chori,1
Chori Chori,1
Chori Chori,1
Chori Chori Chupke Chupke,1
Chori Mera Kaam,1
Chorni,0
Choron Ki Baaraat,1
Chorus,1
Chota Jadugar,1
Chote Nawab,1
Chousar Firangi,0
Chowkidar,1
Chudail,1
Chudail Story,1
Chup Chup Ke,1
Chupke Chupke,1
Chupke Se,1
Chura Liyaa Hai Tumne,1
Cinderella,1
City Lights,1
City of Gold - Mumbai 1982: Ek Ankahee Kahani,1
Class of '83,1
Clerk,1
Click,1
Club 60,1
Club Dancer,1
Cocktail,1
Coffee Bloom,1
Colours of Passion,1
Come December,1
Comedy Couple,1
Commando,1
Commando,1
Commando 2,1
Commando 3,1
Company,1
Compulsed,1
Congregation,1
Consequence Karma,1
Contract,1
Cookie,1
Cooking with Stella,0
Coolie,1
Coolie No. 1,1
Coolie No. 1,1
Coolie No. 1,1
Corporate,1
Courage,1
Court,1
Court Martial,1
Cover Story,1
Crazy Mad Lover,1
Crd,1
Creature,1
Criminal,1
Crook: It's Good to Be Bad,1
Cryptic Road,1
Current,1
Cycle Kick,1
Cypher,1
D,1
D Company,1
Daadagiri,1
Daadi Maa,1
Daaera,1
Daag,1
Daag: A Poem of Love,1
Daag: The Fire,1
Daal Me Kala,0
Daal Mein Kuch Kaala Hai,3
Daas,1
Daas Dev,1
Daava,1
Daawat-e-Biryani,1
Daawat-e-Ishq,1
Daayen Ya Baayen,1
Dabangg,1
Dabangg 2,1
Dabangg 3,1
Dacait,1
Dada,1
Dada,1
Dadar Kirti,0
Daddy,1
Daddy Cool: Join the Fun,0
Daddy's Daughter,1
Dafaa 302: Indian Penal Code Section 302 (Section of Murder),1
Dagadi Chaawl,1
Dahan,1
Dahej,1
Dahek: A Burning Passion,1
Dahleez,1
Daku Aur Mahatma,1
Daku Ganga Jamuna,1
Daku Kali Bhawani,1
Daku Ramkali,1
Dalaal,1
Dam999,1
Damaad,3
Damadamm!,1
Damini,1
Damul,1
Dance Dance,1
Dance of the Wind,1
Dance Party,1
Dancer,1
Dand Nayak,1
Dangal,1
Dangerous Ishq,1
Dank,1
Dansh,1
Dansh,1
Daraar,1
Darbaan,1
Darbar,1
Dard Ka Rishta,1
Darinda,1
Dariya Dil,1
Darklight,1
Darkness Visible,1
Darling,1
Darmiyaan: In Between,1
Darna Mana Hai,1
Darna Zaroori Hai,1
Darogaji,1
Darpan,1
Darr,1
Darr @ the Mall,1
Darwaza,1
Darwaza,1
Darwaza Bandh Rakho,1
Dashavatar,1
Dassehra,1
Dastaan,1
Dastak,1
Dastak,1
Dastan,2
Dasvidaniya,0
Dattak,1
Daud: Fun on the Run,1
Daulat,1
Daulat Ki Jung,1
David,1
Dayar E Madina,1
Dayavan,1
Days and Nights on Earth,1
Days of Tafree,3
D-Day,1
De Dana Dan,1
De De Pyaar De,1
De Taali,1
Dead Morning,1
Deadline: Sirf 24 Ghante,1
Dear Dad,1
Dear Maya,1
Dear Molly,1
Dear Vs Bear,1
Dear Zindagi,1
Debshishu,1
Dedh Ishqiya,1
Deedar,1
Deedar,1
Deewaanapan,1
Deewaangee,1
Deewaar,1
Deewana,1
Deewana Main Deewana,1
Deewana Mastana,1
Deewana Mujh Sa Nahin,1
Deewana Tere Naam Ka,1
Deewane,1
Deewane Huye Paagal,1
Deewangee,1
Deha,1
Dekh Bhai Dekh: Laughter Behind Darkness,1
Dekh Kabira Roya,1
Dekh Tamasha Dekh,3
Dekha Pyar Tumhara,0
Delhi 47 KM,1
Delhi Belly,1
Delhi in a Day,0
Delhi Safari,1
Delhi-6,1
Delinquent Dancers,1
Department,1
Desamuduru,1
Desh,1
Desh Drohee,1
Desh Drohi,1
Desh Premee,1
Deshwasi,1
Desi Boyz,0
Desi Kattey,1
Detective,1
Detective Byomkesh Bakshy!,1
Detective Naani,1
Dev,1
Dev.D,1
Devaki,1
Devar,1
Devata,1
Devdas,1
Devdas,1
Devdas,1
Devi Ahilya Bai,1
Devi Aur Hero,1
Devi Putrudu,1
Devil (Maupassant's Le Diable),1
Devil's Daughter,1
Devta,1
Devta,1
Dhaad,1
Dhaai Akshar Prem Ke,1
Dhaal: The Battle of Law Against Law,1
Dhadak,1
Dhadkan,1
Dhadkanein,1
Dhamaal,1
Dhamkee,1
Dhan Daulat,1
Dhan Dhana Dhan Goal,1
Dhanwaan,1
Dhanwan,1
Dhara,1
Dhara 302,1
Dharam Karam,1
Dharam Sankat,1
Dharam Sankat Mein,3
Dharam Veer,1
Dharavi,1
Dharm Adhikari,1
Dharma Karma,1
Dharmatma,1
Dharmputra,1
Dharti,1
Dharti Ke Lal,1
Dhh,1
Dhill,1
Dhira,1
Dhobi Ghat,1
Dhokha,1
Dhol,1
Dholak,1
Dhongee,1
Dhool Ka Phool,1
Dhoom,1
Dhoom 2,1
Dhoom 3,1
Dhoom Dadakka,1
Dhoondte Reh Jaoge,0
Dhoop,1
Dhoti Lota Aur Chowpatty,3
Dhruvanakshatram,1
Dhuan,1
Dhumm,1
Dhund,1
Dhund: The Fog,1
Dhuusar,1
Dial 100,1
Diamond Queen,1
Diary of a Butterfly,1
Didi,1
Diksha,1
Dil,1
Dil Aashna Hai (...The Heart Knows),1
Dil Aur Deewaar,1
Dil Aur Mohabbat,1
Dil Bechara,1
Dil Bole Hadippa!,1
Dil Chahta Hai,1
Dil Deke Dekho,1
Dil Dhadakne Do,1
Dil Diwana,1
Dil Diya Dard Liya,1
Dil Diya Hai,1
Dil Dosti Etc,1
Dil Ek Mandir,1
Dil Hai Betaab,1
Dil Hai Ki Manta Nahin,1
Dil Hai Tumhaara,1
Dil Hi To Hai,1
Dil Hi To Hai,1
Dil Jo Bhi Kahey...,1
Dil Jo Na Keh Saka,1
Dil Juunglee,1
Dil Ka Kya Kasoor,1
Dil Ka Rishta,1
Dil Ka Sauda,1
Dil Kabaddi,0
Dil Ke Pechey Pechey',1
Dil Ki Baazi,1
Dil Kya Kare,1
Dil Maange More!!!,1
Dil Ne Jise Apna Kaha,1
Dil Ne Pukara,1
Dil Pardesi Ho Gayaa,1
Dil Pe Mat Le Yaar!!,1
Dil Sala Sanki,1
Dil Se..,1
Dil Tera Aashiq,1
Dil Tera Diwana,1
Dil Tera Diwana,1
Dil to Pagal Hai,1
Dil Toh Baccha Hai Ji,1
Dil Toh Deewana Hai,1
Dil Tujhko Diya,1
Dil Vil Pyar Vyar,1
Dil... Akhir Dil Hai,1
Dilbar,1
Dildaar,1
Dil-E-Nadan,1
Diljalaa,1
Diljale,1
Dil-Ki-Rani (Sweet-Heart),1
Dillagi,1
Dillagi,1
Dilliwaali Zaalim Girlfriend,0
Dilruba,1
Dilwaala,1
Dilwale,1
Dilwale,1
Dilwale Dulhania Le Jayenge,1
Dilwale Dulhaniya Le Jayenge,1
Direct Ishq,1
Dirty Politics,1
Disco Dancer,1
Disha,1
Dishkiyaoon,1
Dishoom,1
Divorce,1
Divya Shakti,1
Diwana,1
Do Anjaane,1
Do Ankhen Barah Haath,1
Do Aur Do Paanch,1
Do Bhai,1
Do Bigha Zamin,1
Do Boond Pani,1
Do Chehre,1
Do Dishayen,1
Do Dooni Chaar,0
Do Dooni Char,0
Do Gaz Zameen Ke Neeche,1
Do Jasoos,1
Do Kaliyaan,1
Do Knot Disturb,0
Do Lafzon Ki Kahani,1
Do Musafir,2
Do Nambar Ke Amir,1
Do Numbri,1
Do Phool,1
Do Phool,1
Do Premee,1
Do Qaidi,1
Do Raaste,1
Do Raha,1
Do Sholay,1
Do Ustad,1
Do Waqt Ki Roti,1
DOA: Death of Amar,1
Dobaara: See Your Evil,1
Dobara,1
Doctor,1
Doli,1
Doli Saja Ke Rakhna,1
Dolly Ki Doli,1
Dolly Kitty and Those Twinkling Stars,0
Dombivli Return,1
Don,1
Don,1
Don 2,1
Don Muthu Swami,0
Dongri Ka Raja,1
Doodh Aur Apheem,1
Doodh Ka Karz,1
Door Bell,1
Door Gagan Ki Chhaon Men,1
Door Ka Raahi,1
Door Ki Awaaz,1
Doordarshan,0
Doosara Aadmi,2
Doosri Dulhan,1
Dor,1
Dosh,1
Dost,1
Dost,1
Dosti,1
Dosti Dushmani,1
Dosti Ke Side Effects,1
Dosti: Friends Forever,1
Double Cross: Ek Dhoka,3
Double Dhamaal,1
Downup the Exit 796,1
Dozakh in Search of Heaven,1
Dr. Cabbie,3
Dr. Kotnis Ki Amar Kahani,1
Dracula,1
Dracula 2012,1
Draupadi,1
Dreadlocks Story,1
Dream Girl,1
Dreams... Do Come True,1
Dreamz: The Movie,1
Drishti,1
Drishyam,1
Drive,1
Droh Kaal,1
Drohi,1
Dudes in the 10th Century,3
Duet,1
Dulaara,1
Dulari,1
Dulha Dulhan,1
Dulha Mil Gaya,1
Dulhan Chahi Pakistan Se,1
Dulhan Ek Raat Ki,1
Dulhan Hum Le Jayenge,1
Dulhan Wahi Jo Piya Man Bhaaye,1
Dulhe Raja,3
Dum,1
Dum Laga Ke Haisha,1
Dum Maaro Dum,1
Duniya,1
Duniya Meri Jeb Mein,1
Duniya Na Mane,1
Dunno Y 2... Life Is a Moment,1
Dunno Y Na Jaane Kyun...,1
Duplicate,1
Duplicate Sholay,3
Durdesh,1
Durga,1
Durgamati: The Myth,1
Dus Kahaniyaan,1
Dus Lakh,1
Dus Numbri,1
Dus Tola,0
Dushman,1
Dushman,1
Dushman,1
Dushman Duniya Ka,1
Dushman Zamana,1
Dushmani: A Violent Love Story,1
Dushmun,1
Duvidha,1
Dvandva,1
Earth,1
Ebn-e-Batuta,1
Edegarike,1
Eduruleni Manishi,0
Eeb Allay Ooo!,0
Eena Meena Deeka,1
Eeshwar,1
Ehsaas: The Feeling,1
Eiga Doraemon: Nobita no getsumen tansaki,1
Eight Days,0
Ek Aasha,1
Ek Adhuri Kahani,1
Ek Ajnabee,1
Ek Ajooba,1
Ek Alag Mausam,1
Ek Aur Ek Gyarah,1
Ek Aur Sikander,1
Ek Baap Chhe Bete,0
Ek Baar Chale Aao,1
Ek Baar Kaho,2
Ek Baar Phir (Once Again),1
Ek Battey Do,1
Ek Bechara,1
Ek Chadar Maili Si,1
Ek Chalis Ki Last Local,1
Ek Chhotisi Love Story,1
Ek Chitthi Pyar Bhari,1
Ek Daku Saher Mein,1
Ek Dil Sau Afsane,1
Ek Din 24 Ghante,1
Ek Din Achanak,1
Ek Doctor Ki Maut,1
Ek Duuje Ke Liye,1
Ek Gaon Ki Kahani,1
Ek Ghar,1
Ek Haseena Thi Ek Deewana Tha,1
Ek Hasina Do Diwane,1
Ek Hasina Thi,1
Ek Hi Bhool,2
Ek Hi Raasta,1
Ek Hota Vidushak,0
Ek Jaan Hain Hum,1
Ek Kali Muskai,2
Ek Khiladi Ek Haseena,1
Ek Krantiveer: Vasudev Balwant Phadke,1
Ek Ladka Ek Ladki,1
Ek Ladki Ko Dekha Toh Aisa Laga,1
Ek Main Aur Ek Tu,1
Ek Main Aur Ekk Tu,1
Ek Nanhi Munni Ladki Thi,1
Ek Number Ka Chor,1
Ek Paheli,1
Ek Paheli Leela,1
Ek Pal,1
Ek Phool Char Kante,1
Ek Phool Do Mali,1
Ek Raat,1
Ek Raaz,3
Ek Saal,2
Ek Sainik - The Tale of a warrior,1
Ek Sapera Ek Lutera,1
Ek Se Badhkar Ek,1
Ek Se Badhkar Ek,1
Ek Se Bure Do,1
Ek Shriman Ek Shrimati,1
Ek Sthree,1
Ek tha Bhujang,1
Ek Tha Hero,1
Ek Tha Raja,1
Ek Tha Tiger,1
Ek Thi Daayan,1
Ek Thi Larki,1
Ek Tho Chance,1
Ek Vivaah... Aisa Bhi,1
Ek: The Power of One,1
Ek-Hi-Rasta,1
Ekk Deewana Tha,1
Ekkees Tareekh Shubh Muhurat,1
Ekkees Toppon Ki Salaami,3
Eklavya: The Royal Guard,1
Ekram,1
Ekta,1
Elaan,1
Elaan,1
Elaan,1
Elan,1
EMI: Liya Hai To Chukana Padega,1
Enakkul Oruvan,1
Encounter Dayanayak,1
Encounter: The Killing,1
English ki taay taay fisss,1
English Vinglish,1
Escape from Taliban,1
Evadithe Nakenti,1
Evening Shadows,1
Everybody Says I'm Fine!,1
Evil Eye,1
Extraordinaari,1
F.A.L.T.U,0
Faasle,1
Facebook Wala Pyar,1
Faith Connections,1
Fakira,1
Falak (The Sky),1
Falsafa,1
Family of Thakurganj,1
Family: Ties of Blood,1
Famous Pandey,1
Fan,1
Fanaa,1
Faraar,1
Faraar,1
Faraib,1
Fareb,1
Fareb,1
Farishta Ya Qatil,1
Farz,1
Farz Ki Jung,1
Fashion,1
Fashion,1
Fast Forward,1
Fastey Fasaatey,1
Fate,1
Fate,1
Fatso!,1
Fauji Calling,1
Faulad,1
Feast of Varanasi,1
Ferrari Ki Sawaari,1
'Ferry',1
Fever,1
Fida,1
Fiffty Fiffty,1
Fight Club: Members Only,1
Filhaal...,1
Film Hi Film,1
Film Star,1
Filmistaan,3
Filter Coffee Liquor Cha,1
Finding Fanny,1
Firaaq,1
Firangi,0
Fire,1
Fire in the Blood,1
Fire in the Mountains,1
Fired,1
Fireflies,1
Fireflies in the Abyss,1
First Love Letter,1
First Rank,1
Fitoor,1
Fiza,1
Flame: An Untold Love Story,1
Flat 211,1
Flight,1
Flying Colors,1
Flying Lessons,1
Fool N Final,1
Foot Path,1
Footfairy,1
Footpath,1
Force,1
Force 2,1
Foto,3
Four Faces of India,1
Four Pillars of Basement,1
Four Two Ka One,3
Fox,1
Fraud Saiyaan,0
Freaky Ali,1
Fredrick,1
Friends In Law,3
Friendship,1
Friendship,1
Frozen,1
Fruit & Nut,1
FryDay,0
Fuddu,0
Fugly,1
Fukrey,1
Fukrey Boyzzz: Space Mein Fukrapanti,1
Fukrey Returns,3
Full Moon,1
Fun: Can Be Dangerous Sometimes,1
Future to Bright Hai Ji,1
G Kutta Se,1
Gaai Aur Gori,1
Gaban,1
Gabbar is Back,1
Gabbar Singh,1
Gadar: Ek Prem Katha,1
Gaddaar,1
Gafla,1
Gair,1
Gair Kaanooni,1
Gaja Gamini,1
Gajendra,1
Gali Gali Chor Hai,1
"Gallit Gondhal, Dillit Mujra",3
Gaman,1
Gambeeram,1
Gambler,1
Gambler,1
Game,1
Game,1
Game,1
Game of Ayodhya,1
Game Over,1
Game Paisa Ladki,1
Gandhi,1
Gandhi to Hitler,1
"Gandhi, My Father",1
Gandhigiri,1
Gandhiji My Mentor,1
Gandhinagar 2nd Street,1
Gang,1
Gang of Ghosts,1
Gang of Littles,1
Ganga,1
Ganga Aur Suraj,1
Ganga Ki Saugand,1
Ganga Meri Maa,1
Gangaa Jamunaa Saraswathi,1
Gangaajal,1
Gangoobai,1
Gangs of Wasseypur,1
Gangster,1
Gangvaa,1
Gaon,1
Gaon Hamara Shaher Tumhara,2
Garam,1
Garam Coat,1
Garam Masala,1
Garam Masala,3
Garbage,1
Gardish,1
Garm Hava,1
Gattu,1
Gauraiya,1
Gauri,1
Gauri: The Unborn,1
Gauru: Journey of Courage,1
Gautam Govinda,1
Gautam Govinda,1
Gawaahi,1
Gayab,1
Geet,1
Geet Gaata Chal,1
Geetanjali,1
Gehrayee,1
Gehri Chaal,1
Gemini,1
Genesis,1
Genius,1
Gentleman,1
Geraftaar,1
Ghajini,1
Ghanchakkar,1
Ghar,1
Ghar Basake Dekho,0
Ghar Bazar,1
Ghar Dwaar,1
Ghar Ek Mandir,1
Ghar Ghar Ki Kahani,0
Ghar Ghar Ki Kahani,1
Ghar Grihasti,1
Ghar Ho To Aisa,1
Ghar Jamai,1
Ghar Ka Chiraag,1
Ghar Ka Chirag,1
Ghar Ka Sukh,1
Ghar Ki Izzat,1
Ghar Mein Ram Gali Mein Shyam,1
Gharana,1
Gharaonda,1
Gharwali Baharwali,3
Ghashiram Kotwal,1
Ghatak: Lethal,1
Ghatothkach,1
Ghayal,1
Ghayal Once Again,1
Ghazab,1
Ghazab Tamasha,1
Gho Gho Rani,1
Ghoomketu,3
Ghoonghat,1
Ghost,1
Ghost,1
Ghost Stories,1
Ghulam,1
Ghulam Begam Badshah,1
Ghulam Begum Badshah,1
Ghulam-E-Musthafa,1
Ghulami,1
Ghungroo Ki Awaaz,1
Ghutan,1
Giddh: The Vulture,1
Ginny Weds Sunny,1
Gippi,0
Girlfriend,1
Glamour Girl,1
Global Baba,1
Go,1
Go Goa Gone,1
Goa Dalli CID 999,1
God of gods,1
God Tussi Great Ho,1
Godaan,1
Godam,1
Godmother,1
GOLD,1
Golden Eyes Secret Agent 077,1
Golimar,1
Golmaal 3,1
Golmaal Again,1
Golmaal Returns,1
Golmaal: Fun Unlimited,1
Gone Kesh,0
"Good Boy, Bad Boy",1
Good Newwz,3
Gooli,1
Goonj,1
Goonj Uthi Shehnai,1
Goopi Gawaiya Bagha Bajaiya,1
Gopal Krishna,1
Gopi,1
Gopi Kishan,1
Gopichand Jasoos,1
Gopinath,1
Gora Aur Kala,1
Gori Tere Pyaar Mein!,1
Gour Hari Dastaan: The Freedom File,1
Govindha Govindha,1
GRADE,1
Grahan,1
Grahasti,1
Grand Masti,1
Great Grand Masti,1
Greater Elephant,3
Griha Pravesh,1
Guddi,1
Guddu,1
Guddu Ki Gun,3
Guddu Rangeela,0
Gudgudee,1
Gudia,1
Guest iin London,3
Guide,1
Guilty,1
Gul Makai,1
Gulaab Gang,1
Gulaal,1
Gulabi Gang,1
Gulabo Sitabo,0
Gully Boy,1
Gumnaam,1
Gumnaam: The Mystery,1
Gumnaami,1
Gumrah,1
Gumrah,1
Gunaah,1
Gunaah,1
Gunah Aur Kanoon,1
Gunahon Ka Devta,1
Gunahon Ka Devta,1
Gunahon Ka Faisla,1
Gunda,1
Gunda,1
Gundaraj,1
Gunday,1
Gunehgar,1
Gunga Jumna,1
Gunjan Saxena: The Kargil Girl,1
Guns of Banaras,1
Gunwali Dulhaniya,1
Gupt: The Hidden Truth,1
Gurgaon,1
Guru,1
Guru,1
Guru,1
Guru,1
Guru Sishyan,1
Guru Sishyan,1
Guru Suleman Chela Pahelwan,1
Gurudev,1
Gustakhi Maaf,3
Guy in the blue,1
Guzaarish,1
Gyara Hazar Ladkian,1
Haal-e-Dil,1
Haan Maine Bhi Pyaar Kiya,1
Haasil,1
Haat - The Weekly Bazaar,1
Haath Ki Safai,1
Haathi Ka Anda,1
Haathi Mere Saathi,1
Haathkadi,1
Haathkadi,1
Haathon Ki Lakeeren,1
Haatim Tai,1
Hacked,1
Hadh Kar Di Aapne,1
Hafta Vasuli,1
Haggada Kone: End of the Rope,1
Hai Apna Dil Toh Awara,3
Hai Golmaal in White House,3
Haider,1
Hair is Falling: A Serious Comedy Film,0
Haisiyat,1
Haiwan,1
Halahal,1
Halaku,1
Half Girlfriend,1
Half Songs,1
Half Ticket,1
Halkaa,1
Halla Bol,1
Halo,1
Ham Sab Chor Hain,3
Hamaara Sansaar,1
Hamara Dil Aapke Paas Hai,1
"Hamara Shahar - Bombay, Our City",1
Hamara Tiranga,1
Hamari Adhuri Kahani,1
Hameshaa,1
Hamid,1
Hamraaz,1
Hamrahi,1
Hamrahi,1
Hanan,1
Hanky Panky,1
Hansa,1
Hansa: Ek Sanyog,1
Hanste Khelte,1
Hanuman,1
Hanuman Da Damdaar,1
Hanuman Vijay,1
Happi,0
Happy Bhaag Jayegi,1
Happy Ending,1
Happy Hardy and Heer,1
Happy Husbands,0
Happy New Year,1
Happy Phirr Bhag Jayegi,3
Haqeeqat,1
Haqeeqat,1
Haqeeqat,1
Haque,1
Har Dil Jo Pyar Karega...,1
Har Har Gange,1
Har Har Mahadev,1
Har Kisse Ke Hisse: Kaamyaab,1
Haraamkhor,1
Harami,1
Hare Kanch Ki Chooriyan,2
Har� Rama Har� Krishna,1
Harfan Maulaa,1
Hari Darshan,1
Hari Om,1
Hari Puttar: A Comedy of Terrors,1
Hari-Bhari,1
Hariyali Aur Rasta,1
Hasee Toh Phasee,1
Haseena,3
Haseena Maan Jaayegi,1
Haseena Maan Jayegi,1
Haseenon Ka Devata,1
Hasti,1
Hate Story,1
Hate Story 2,1
Hate Story 3,1
Hate Story IV,1
Hatey Bazarey,1
Hathyar,1
Hathyar: Face to Face with Reality,1
Hattrick,1
Hatya,1
Hatya: The Murder,1
Hatyara,1
Hatyarin,1
Haunted - 3D,1
Haunted Hills,1
Hava Aney Dey,1
Hawa,1
Hawaa Hawaai,1
Hawaizaada,1
Hawas,1
Hawayein,1
Haye Mera Dil,1
Hazaar Chaurasi Ki Maa,1
Hazaaron Khwaishein Aisi,1
Heartless,2
Heer Raanjha,1
Heer Ranjha,1
Heera Lal Panna Lal,1
Heeron Ka Chor,1
Helicopter Eela,1
Hello,1
Hello Brother,1
Hello Charlie,3
Hello Darling,0
Hello Hum Lallann Bol Rahe Hain,0
Hello Mumbai: Salaam Mumbai,1
Hello Zindagi,1
Help,1
Henna,1
Hera Pheri,1
Hera Pheri,1
Hercules,1
Hero,1
Hero,1
Hero Hindustani,1
Hero Hiralal,1
Hero No. 1,1
Heroes,1
Heroine,1
Heropanti,1
Hey Bro,1
Hey Ram,1
Hey Ram Hamne Gandhi Ko maar Diya,1
Heyy Babyy,0
Hichki,0
Hide & Seek,1
Hifazat,1
High Jack,3
Highway,1
Hijack,1
Himalay Ki Godmein,1
Himmat,1
Himmat,1
Himmat Aur Mehanat,1
Himmatvar,1
Himmatwala,1
Himmatwala,1
Himmatwala,1
Hind Ka Napak Ko Jawab,1
Hindi Medium,0
Hindustan Ki Kasam,1
Hindustani Sipahi,1
Hira Aur Patthar,1
Hiraasat,1
Hisss,1
Hitler,1
Ho Sakta Hai!,1
Hogaya Dimaagh Ka Dahi,0
Hogi Pyaar Ki Jeet,1
Holi,0
Holi Ayee Re,1
Holiday: A Soldier is Never Off Duty,1
Hollywood,1
Home Delivery: Aapko... Ghar Tak,1
Home Stories,3
Honeymoon,1
Honeymoon,0
Honeymoon Travels Pvt. Ltd.,1
Hope Aur Hum,1
Horror Night,1
Horror Story,1
Hoshiyar,1
Hostel,1
Hota Hai Dil Pyaar Mein Paagal,1
Hote Hote Pyar Hogaya,1
Hotel,1
Hotel Beautifool,3
Hotel Milan,0
Hotel Mumbai,1
Hotel Salvation,0
House Arrest,3
House No. 13,1
House of Memories,1
Houseful,1
Housefull,1
Housefull 2,1
Housefull 3,1
Housefull 4,1
Howrah Bridge,1
Hu Tu Tu,1
Hukumat,1
Hulchul,1
Hulchul,1
Hulchul,1
Hulla,0
Hum,1
Hum Aapke Dil Mein Rehte Hain,1
Hum Aapke Hain Koun...!,1
Hum Bhi Insaan Hain,1
Hum Chaar,1
Hum Dil De Chuke Sanam,1
Hum Dono,1
Hum Dono,1
Hum Dono,1
Hum Ek Hain,1
Hum Hai Teen Khurafaati,3
Hum Hain Bemisaal,1
Hum Hain Kamaal Ke,1
Hum Hain Rahi Pyar Ke,1
Hum Ho Gaye Aap Ke,1
Hum Kaun Hai?,1
Hum Kisi Se Kum Nahin,1
Hum Kisise Kum Naheen,1
Hum Log,1
Hum Nahin Sudhrenge,1
Hum Naujawan,1
Hum Paanch,1
Hum Pyar Tumhi Se Kar Baithe,1
Hum Saath-Saath Hain: We Stand United,1
Hum Sab Chor Hain,1
Hum Se Hai Zamana,1
Hum Se Na Takrana,1
Hum To Chale Pardes,1
Hum To Mohabbat Karega,1
Hum Tum,1
Hum Tum Aur Ghost,1
Hum Tum Aur Mom: Mother Never Misguides,1
Hum Tum Aur Woh,1
Hum Tum Dushman Dushman,1
Hum Tum Pe Marte Hain,1
Hum Tum Shabana,1
Hum Tumhare Hain Sanam,1
Humayun,1
Hume Tumse Pyaar Kitna,1
Humein Tumse Pyar Ho Gaya Chupke Chupke,1
Humkadam,1
Humko Deewana Kar Gaye,1
Humko Tumse Pyaar Hai,1
Humne Jeena Seekh Liya,1
Humpty Sharma Ki Dulhania,1
Humraaz,1
Humse Na Jeeta Koi,3
Humshakal,1
Humshakals,1
Hungama,1
Hunterrr,1
Husband Material,1
Hyderabad Blues,1
Hyderabad Nawabs,3
Hyderabad Nawabs 2,3
I - Proud to be an Indian,1
I Am,1
I Am 24,1
"I Am Alone, So Are You...",1
I Am Kalam,1
I Am Mr Mother,1
I Am Not Blind,1
I Am Offended,1
I Am Roshni,2
I Did Not Kill Gandhi,1
I Don't Luv U,1
I Hate Luv Storys,1
I Know You,1
I Love NY,1
I See You,1
"I, Me aur Main",1
I.D.,1
Idam Jagath,1
Identity Card,1
Idiot Box,0
III Smoking Barrels,1
Ikke Pe Ikka,1
Ilaaka,1
Ilzaam,1
Ilzam,2
I'm in Love,1
Imaan,1
Imaandaar,1
Immaan Dharam,1
Imtihaan,1
Imtihan,1
In Custody,0
In the Name of Tai,1
In the Shadows,1
In Your Name,1
Indian,1
India's Daughter,1
India's Daughter,1
India's Most Wanted,1
Indira,1
Indoo Ki Jawani,0
Indrani,1
Indrasabha,1
Indrudu Chandrudu,0
Indu Sarkar,1
Inkaar,1
Inkaar,1
Inquilaab,1
Inquilab,1
Insaaf,1
Insaaf Apne Lahoo Se,1
Insaaf Ki Awaaz,1
Insaaf: The Final Justice,1
Insaaf: The Justice,1
Insaan,1
Insaan Jaag Utha,1
Insaaniyat,1
Insaf Ka Tarazu,1
Insan,1
Insaniyat,1
Insaniyat,1
Insaniyat Ke Dushman,1
"Inshallah, Kashmir",1
Inspector Balram,1
Inspector Dhanush,1
Inspector Gullu,1
Intaquam,1
Inteha,1
Inteha Pyar Ki,1
Inteqam,1
Inteqam: The Perfect Game,1
International Crook,1
International Khiladi,1
Intezar,1
Iqbal,1
Iqraar: By Chance,1
Irada,1
Is Raat Ki Subah Nahin,1
Is She Raju?,3
Ishaara,1
Ishaara,1
Ishaqzaade,1
Ishk Actually,1
Ishk Ishk Ishk,1
Ishkq in Paris,1
Ishq,1
Ishq Forever,1
Ishq Hai Tumse,1
Ishq Ka Manjan,0
Ishq Ke Parindey,1
Ishq Mein Jeena Ishq Mein Marna,1
Ishq Tera,1
Ishq Vishk,1
Ishqedarriyaan,1
Ishqeria,1
Ishqiya,1
Isi Ka Naam Zindagi,1
Isi Life Mein...!,1
ISIS,1
ISIS: Enemies of Humanity,1
Iski Topi Uske Sarr,1
Island City,1
Issaq,1
Issi Ka Naam Dunia Hai,1
It Happens That Way Too: Part II,1
Iti Mrinalini: An Unfinished Letter...,1
Itihaas,1
Itihaas,1
Itni Si Baat,1
It's Entertainment,1
It's Rocking: Dard-E-Disco,3
Ittefaq,1
Ittefaq,1
Ittefaq,1
Izzat,1
Izzat,1
Izzatdaar,1
J.D.,1
Jaadugar,1
Jaago,1
Jaagruti,1
Jaal,1
Jaal,1
Jaal Saaz,1
Jaal: The Trap,1
Jaali Note,1
Jaan,1
Jaan Hatheli Pe,1
Jaan Hazir Hai,1
Jaan Ki Baazi,1
Jaan Lada Denge,1
Jaan Se Pyaara,1
Jaan Tere Naam,1
Jaanam,1
Jaanam Samjha Karo,1
Jaane Bhi Do Yaaro,1
Jaane Hoga Kya,1
Jaane Jigar,1
Jaane Kahan Se Aayi Hai,1
Jaane Kyun De Yaaron,1
Jaane Tu,1
Jaane-Anjaane,1
Jaaneman,1
Jaan-E-Mann: Let's Fall in Love... Again,1
Jaani Dost,1
Jaani Dushman,1
Jaani Dushman: Ek Anokhi Kahani,1
Jaanisaar,1
Jaanwar,1
Jaanwar Aur Insaan,1
Jaaydaad,1
Jab Harry Met Sejal,1
Jab Jab Phool Khile,1
Jab Pyar Kisise Hota Hai,1
Jab Se Tumhe Dekha Hai,1
Jab Tak Hai Jaan,1
Jab Tum Kaho,1
Jab We Met,1
Jab Yaad Kisi Ki Aati Hai,1
Jabariya Jodi,1
Jack & Dil,1
Jackpot,1
Jacqueline I Am Coming,1
Jadu Tona,1
Jaganmohini,1
Jagga Jasoos,1
Jagir,1
Jagira,1
Jagriti,1
Jahan Jaaeyega Hamen Paaeyega,1
Jahan Pyar Miley,1
Jahan Tum Le Chalo,1
Jai Chhathi Maa,1
Jai Gangaajal,1
Jai Ho,1
Jai Ho! Democracy,1
Jai Jagannath,1
Jai Jawaan Jai Kisaan,1
Jai Kishen,1
Jai Mahakali,1
Jai Mummy Di,1
Jai Santoshi Maa,1
Jai Shiv Shankar,1
Jai Veeru: Friends Forever,1
Jai Vikraanta,1
Jail,1
Jaise Ko Taisa,1
Jaisi Karni Waisi Bharni,0
Jai-Vijay,1
Jajantaram Mamantaram,1
Jal,1
Jal Mahal,1
Jalebi,1
Jallaad,1
Jallian Wala Bagh,1
Jalpari: The Desert Mermaid,1
Jalwa,1
Jamun,1
Jan Pahchan,1
Janam Kundli,1
Janam Se Pehle,1
Janani,1
Janasheen,1
Janbaaz,1
Jangal Mein Mangal,1
Jango,1
Janleva 555,1
Janmabhoomi,1
Jannat 2,1
Jannat E Milan,1
Jannat: In Search of Heaven...,1
Janta Hawaldar,1
Janwar,1
Jappanil Kalyanaraman,1
Jashnn: The Music Within,1
Jattu Engineer,3
Jawaani,1
Jawaani Jaaneman,0
Jawab,1
Jawab,1
Jawab Ayega,1
Jawab Hum Denge,1
Jawani Diwani: A Youthful Joyride,1
Jawani Ke Gunah,1
Jawani Ki Hawa,1
Jawani Zindabad,1
Jayantabhai Ki Luv Story,1
Jazbaa,1
Jazbaat,1
Jeena Hai Toh Thok Daal,1
Jeena Isi Ka Naam Hai,1
Jeena Marna Tere Sang,1
Jeena Sirf Merre Liye,1
Jeena Teri Gali Mein,1
Jeena Yahan,1
Jeene Do,1
Jeene Ki Arzoo,1
Jeene Ki Raah,1
Jeene Nahi Doonga,1
Jeet,1
Jeet Hamaari,1
Jeeva,1
Jeevan Daata,1
Jeevan Dhaara,1
Jeevan Ek Sanghursh,1
Jeevan Jyoti,1
Jeevan Mrityu,1
Jeevan Naya,1
Jeevan Yudh,1
Jewel Thief,1
Jhakaas!,0
Jhalki,1
Jhanak Jhanak Payal Baaje,1
Jhankaar Beats,1
Jhansi Ki Rani,1
Jhansi Ki Rani Laxmibai,1
Jheel Ke Us Paar,1
Jhol,0
Jhoola,1
Jhoola,1
Jhoom Barabar Jhoom,1
Jhooth Bole Kauwa Kaate,1
Jhootha Hi Sahi,1
Jhootha Kahin Ka,3
Jhoothi,3
Jhoothi Shaan,1
Jhumroo,1
Ji Chahta Hai,1
Jia aur Jia,1
Jiban Maran,1
Jigariyaa,1
Jigarwala,1
Jigri Dost,1
Jigyaasa,1
Jihad,1
Jis Desh Mein Ganga Rehta Hain,1
Jis Desh Men Ganga Behti Hai,1
Jism,1
Jism 2,1
Jo Bole So Nihaal,1
Jo Dooba So Paar: It's Love in Bihar!,1
Jo Jeeta Wohi Sikandar,1
Jodhaa Akbar,1
Jodi,1
Jodi Breakers,1
Jodi No. 1,1
Jogan,1
Joggers' Park,1
Jogi the King,1
Johar in Bombay,1
Johar in Kashmir,1
Johar Mehmood in Hong Kong,3
Johar-Mehmood in Goa,1
John Day,1
Johnny,1
Johnny Gaddaar,1
Johnny-Walker,1
Johny I Love You,1
Johny Mera Naam,1
Joker,1
Jolly LLB,0
Jolly LLB 2,0
Joru Ka Ghulam,1
Josef - Born in Grace,1
Josh,1
Joshila,1
Joshilaay,1
Journey Bombay to Goa: Laughter Unlimited,1
Joy: The Real Love Story,1
Juaari,1
Juari,1
Judaai,1
Judaai,1
Judge Mujrim,1
Judgementall Hai Kya,1
Judwaa,1
Judwaa 2,1
Jugni,1
Jugnu,1
Julie,1
Julie,1
Julie 2,1
Junction Varanasi,1
June,1
Jung,1
Jung,1
Jung Baaz,1
Jungle,1
Jungle Love Story,1
Junglee,1
Junglee,1
Junko,1
Junoon,1
Junoon,1
Junooniyat,1
Jurm,1
Jurm,1
Jurmana,1
Jurmana,1
Jurrat,1
Just Like That,1
Just Married: Marriage Was Only the Beginning!,1
Justice Chaudhury,1
Jwalamukhi,1
Jwalamukhi,1
Jwar Bhata,1
Jwlwi - The Seed,1
Jyoti,1
Jyoti Bane Jwala,1
Kaabil,1
Kaaboo,1
Kaadan,1
Kaadhal Parisu,1
Kaafiron Ki Namaaz,1
Kaagaz,1
Kaagaz Ke Fools,3
Kaagaz Ke Phool,1
Kaagaz Ki Kashti,1
Kaajal,1
Kaal,1
Kaala,1
Kaala Patthar,1
Kaala Samrajya,1
Kaala Sona,1
Kaalakaandi,1
Kaali Khuhi,1
Kaali Ki Saugandh,1
Kaalia,1
Kaalo,1
Kaam Jwala: The Fire,1
Kaam Shastra,1
Kaamaagni,1
Kaamchor,1
Kaanchi,1
Kaanchli Life in a Slough,1
Kaanoon Ki Awaaz,1
Kaante,1
Kaaranama,1
Kaash,1
Kaash,1
Kaash... Hamara Dil Pagal Na Hota,3
Kaashi in Search of Ganga,1
Kab? Kyoon? Aur Kahan?,1
Kabaad- The Coin,1
Kabali,1
Kabhi Alvida Naa Kehna,1
Kabhi Haan Kabhi Naa,1
Kabhi Khushi Kabhie Gham...,1
Kabhi Na Kabhi,1
Kabhi Paas Kabhi Fail,1
Kabhie Kabhie,1
Kabir Singh,1
Kabli Khan,1
Kabrastan,1
Kabrastan,1
Kabul Express,1
Kabuliwala,1
Kabzaa,1
Kaccha Limboo,1
Kachche Dhaage,1
Kachchi Sadak,1
Kadakh,1
Kadal Meengal,1
Kadamban,1
Kadhal Desam,1
Kadhal Mannan,1
Kadke Kamal Ke,3
Kadvi Hawa,1
Kafan,1
Kagaar: Life on the Edge,1
Kahaani,1
Kahaani 2,1
Kahaani Gudiya Ki...: True Story of a Woman,1
Kahan Hai Kanoon,1
Kahani Ek Chor Ki,1
Kahani Kismat Ki,1
Kahin Din Kahin Raat,1
Kahin Hai Mera Pyar,1
Kahin Pyaar Na Ho Jaaye,3
Kaho Naa... Pyaar Hai,1
Kai Kodukkam Kai,1
Kai Po Che,1
Kairee,1
Kaisay Kahein...,1
Kajarya,1
Kajraare,1
Kaksparsh,1
Kal Aaj Aur Kal,1
Kal Hamara Hai,1
Kal Ho Naa Ho,1
Kal Ki Awaz,1
Kal Kissne Dekha,1
Kal: Yesterday and Tomorrow,1
Kala Aadmi,1
Kala Bazaar,1
Kala Bazar,1
Kala Dhanda Goray Log,1
Kala Pani,1
Kala Pani,1
Kalabaaz,1
Kalaignan,1
Kalank,1
Kali Ghata,1
Kali Ghata,1
Kali Salwaar,1
Kali Topi Lal Rumal,1
Kalichaat,1
Kalicharan,1
Kalloori Vaasal,1
Kalpana,1
Kalsandhya,1
Kalyug,1
Kalyug,1
Kama Sundari,1
Kamaal Dhamaal Malamaal,0
Kamasutra 3D,1
Kambakkht Ishq,1
Kaminey,1
Kamla,1
Kamla Ki Maut,1
Kamsin: The Untouched,1
Kan Kan Men Bhagwan,1
Kanave Kalaiyadhe,1
Kandy Twist,1
Kaneez,1
Kangan,1
Kangan,1
Kanhaiya,1
Kanmani,1
Kannan Varuvaan,1
Kanoon,1
Kanoon,1
Kanoon Apna Apna,1
Kanpuriye,1
Kanwarlal,1
Kanyadaan,1
Kanyadaan,1
Kaphal: Wild Berries,1
Kapoor & Sons,1
Karam,1
Karamati Coat,1
Karan,1
Karan Arjun,1
Karar: The Deal,1
Karate,1
Kareeb,1
Karim Mohammed,1
Karishma Kudrat Kaa,1
Karishmaa,1
Karle Pyaar Karle,1
Karm,1
Karma,1
"Karma, Confessions and Holi",1
Karma: Crime. Passion. Reincarnation,1
Karmyudh,1
Karobaar: The Business of Love,1
Kartavya,1
Karthik Calling Karthik,1
Kartoos,1
Kartooz,1
Karunamayudu,1
Karwaan,1
Karz,1
Karz: The Burden of Truth,1
Karzzzz,1
Kasaai,1
Kasak,1
Kasak,1
Kasam,1
Kasam Paida Karne Wale Ki,1
Kasam Teri Kasam,1
Kasauti,1
Kasba,1
Kashmakash,1
Kashmir Daily,1
Kashmir Ki Kali,1
Kasoor,1
Kath Putli,1
Katha,0
Kathor,1
Kathputli,1
Kati Patang,1
Katilon Ke Kaatil,1
Katiyabaaz,1
Katputtli,1
Katti Batti,1
Kaun Hai Jo Sapno Mein Aaya,1
Kaun Jeeta Kaun Haara,0
Kaun Kare Kurbanie,1
Kaun Kitney Paani Mein,1
Kaun Rokega Mujhe,1
Kaun Sachcha Kaun Jhootha,1
Kaun?,1
Kaun? Kaisey?,1
Kavi Kalidas,1
Kaya Palat,1
Kayda Kanoon,1
Kedarnath,1
Keemat,1
Keemat: They Are Back,1
Kehta Hai Yeh Dil,0
Kehtaa Hai Dil Baar Baar,1
Kerry on Kutton,1
Kesari,1
Kevi Rite Jaish,1
Khaali Peeli,1
Khaan Dost,1
Khabardar,1
Khajoor Pe Atke,3
Khakee,1
Khal Nayak,1
Khalifa,1
Khallas: The Beginning of End,1
Khal-Naaikaa,1
Khalnayak,1
Khamiyaza: Journey of a Common Man,1
Khamosh,1
Khamosh Adalat Jaari Hai,1
Khamoshh... Khauff Ki Raat,1
Khamoshi,1
Khamoshi,1
Khamoshi: The Musical,1
Khamoshiyan,1
Khan kluay,1
Khandaan,1
Khandaan,1
Khandaani Shafakhana,0
Khandan,1
Khandhar,1
Khanjar,1
Khanna & Iyer,3
Khap,1
Khatarnaak,1
Khatron Ke Khiladi,1
Khatta Meetha,0
Khatta Meetha,1
Khauff,1
Khayal Gatha,1
Khazanchi,1
Khazanchi,1
Khejdi,1
Khel,1
Khel,1
Khel Khel Mein,1
Khel Khilari Ka,1
Khel Toh Ab Shuru Hoga,1
Khela,0
Khelein Hum Jee Jaan Sey,1
Khichdi: The Movie,1
Khiladi,1
Khiladi 420,1
Khiladi 786,1
Khiladiyon Ka Khiladi,1
Khilari,4
Khilona,1
Khoj,1
Khoj,1
Khokababu,1
Khoobsurat,1
Khoobsurat,1
Khoon Aur Paani,1
Khoon Bhari Maang,1
Khoon Ka Karz,1
Khoon Ka Rishta,1
Khoon Ki Keemat,1
Khoon Ki Pyasi,1
Khoon Pasina,1
Khooni Ilaaka: The Prohibited Area,1
Khooni Murdaa,1
Khooni Panja,1
Khopdi: The Skull,1
Khosla Ka Ghosla!,1
Khota Paisa,1
Khote Sikkay,1
Khoya,1
Khoya Khoya Chand,1
Khubsoorat,1
Khuda Gawah,1
Khuda Haafiz,1
Khuda Hafiz,1
Khuda Kasam,1
Khud-Daar,1
Khuddar,1
Khudgarz,1
Khufia Mahal,1
Khule-Aam,1
Khullam Khulla Pyaar Karen,3
Khushboo,1
Khushi,1
Khwaab,1
Khwaabb,1
Khwab,1
Khwab Sare Jhootey,1
Khwahish,1
Ki & Ka,1
Kick,1
Kidnap,1
Kill Dil,1
Killer,1
Kinara,1
Kinare Kinare,1
King Kong,1
King Uncle,1
Kirayadar,0
Kirket,1
Kis Kis Ki Kismat,1
Kis Kisko Pyaar Karoon,1
Kis Kiss Ka Kissa,1
Kisaan,1
Kisan Aur Bhagwan,1
Kisan Kanya,1
Kishen Kanhaiya,1
Kismat,1
Kismat,1
Kismat Konnection,1
Kismet,1
Kismet Ka Khel,1
Kismet Love Paisa Dilli,1
Kismetwala,1
Kisna: The Warrior Poet,1
Kiss Kis Ko,1
Kissaa Kursee Kaa,1
Kisse Pyaar Karoon?,1
Kissebaaz,1
Kissi Se Na Kehna,1
Kitaab,1
Kites,1
Kitne Door... Kitne Paas,1
Knock Out,1
Kohinoor,1
Kohra,1
Kohraa,1
Kohraam,1
Kohram,1
Koi Aap Sa: But Lovers Have to Be Friends,1
Koi Hai,1
Koi Jaane Na,1
Koi Jeeta Koi Haara,1
Koi Mere Dil Mein Hai,1
Koi Mere Dil Se Poochhe,1
Koi... Mil Gaya,1
Kondaveeti Raja,1
Kondura (The Sage from the Sea),1
Kora Kagaz,1
Kosa,1
Koshish,1
Kottai Mariamman,1
Kottayam,1
Koyelaanchal,1
Koyla,1
Kranti,1
Kranti,1
Krantikari,1
Krantiveer,1
Krantiveer: The Revolution,1
Krazzy 4,1
Krina,1
Krish Trish and Baltiboy: Face Your Fears,1
Krishan Avtaar,1
Krishna,1
Krishna Arjun,1
Krishna Aur Kans,1
Krishna Cottage,1
Kriya,1
Kroadh,1
Krodh,1
Krodhi,1
Krrish,1
Krrish 3,1
Kshatriya,1
Kshay,1
Kucch Luv Jaisaa,1
Kucch To Hai,1
Kuch Der Aur,1
Kuch Khatta Kuch Meetha,3
Kuch Khatti Kuch Meethi,1
Kuch Kuch Hota Hai,1
Kuch Kuch Locha Hai,0
Kuch Naa Kaho,1
Kuch Pal Pyar Ke,1
Kuch Tum Kaho Kuch Hum Kahein,1
Kuchh Bheege Alfaaz,1
Kuchh Meetha Ho Jaye,1
Kudiyon Ka Hai Zamaana,3
Kudrat,1
Kudrat,1
Kudrat Ka Kanoon,1
Kuk Doo Koo,3
Kuku Mathur Ki Jhand Ho Gayi,1
Kuldip Patwal: I Didn't Do It!,1
Kundan,1
Kundan,1
Kunwara,1
Kunwara Baap,0
Kunwara Paying Guest,1
Kurbaan,1
Kurbaan,1
Kurukshetra,1
Kuselan,1
Kushti,3
Kutte Ki Dum,3
Kya Dilli Kya Lahore,1
Kya Kehna,1
Kya Love Story Hai,1
Kya Yahi Sach Hai,1
Kya Yehi Pyaar Hai,1
Kyaa Kool Hai Hum,1
Kyaa Kool Hain Hum 3,3
Kyaa Super Kool Hain Hum,3
Kyo Kii... Main Jhuth Nahin Bolta,1
Kyon Ki...,1
Kyun! Ho Gaya Na...,1
Laadla,1
Laadli Laila,3
Laaga Chunari Mein Daag: Journey of a Woman,2
Laal Kaptaan,1
Laal Rang,1
Laali Ki Shaadi Mein Laaddoo Deewana,1
Laat Saab,1
Laawaris,1
Laawaris,1
Lab Kush,1
Ladies First,1
Ladies Tailor,3
Ladies Tailor,3
Ladies vs. Ricky Bahl,1
Ladki,3
Lafange,1
Lafangey Parindey,1
Lagaan: Once Upon a Time in India,0
Lage Raho Munna Bhai,1
Lagna Pahave Karun,1
Lagori,1
Lahoo Ke Do Rang,1
Lahore,1
Lahore Confidential,1
Lahu Ke Do Rang,1
Laila,1
Laila Majnu,1
Laila Majnu,1
Lajja,1
Lajwanti,1
Lajwanti,1
Lakeer - Forbidden Lines,1
Lakeer Ka Fakeer,1
Lakhon Ki Baat,1
Lakhon Me Ek,0
Lakshmanrekha,1
Lakshmi,1
Lakshmi,1
Lakshya,1
Lal Baadshah,1
Lal Bangla,1
Lal Kothi,1
Lal Patthar,1
Lal Quila,1
Lal Salaam,1
Lala Hardaul,1
Lambu Dada,1
Lamhaa: The Untold Story of Kashmir,1
Lamhe,1
Land of the Gods,1
Lanka,1
Lashkar,1
Lashtam Pashtam,1
Last Chance: The Moment I Finally Embraced the Futility of Existence,0
Lateef,1
Lateef to laden,3
Latt Saheb,1
Lav Kush,1
Lava Kusa: The Warrior Twins,1
Lavanya Preeti,1
Laxmii,1
Le Gaya Saddam,3
Le Halua Le,1
Leader,1
Leatherface,1
Leaving Home: The Life and Music of Indian Ocean,1
Lekar Hum Deewana Dil,1
Lekin...,1
Lens,1
Let's Be Friends!,1
Let's Bring Our Heroes Home,1
Let's Dance,1
Let's Enjoy,3
Let's Talk About 'It',1
Liar's Dice,1
Libaas,1
LIE,1
Life Express,1
Life in a Metro,1
Life Is Beautiful,1
Life Ki Aisi Ki Taisi,3
Life Ki Toh Lag Gayi,1
Life Mein Kabhie Kabhiee,1
Life Mein Time Nahi Hai Kisi Ko,0
Life of an Outcast,1
Life of Pi,0
Life's for Living: Aadmi,1
Life's Good,1
Lihaaf: The Quilt,1
Like Stars on Earth,1
Lingaa,1
Lion,1
Lipstick Under My Burkha,0
Listen... Amaya,1
Little Baby,1
Little John,1
Little Singham: Kaal Ka Badla,1
Little Terrors,1
Loafer,1
Loafer,1
LOC: Kargil,1
Loev,1
Login,1
Loha,1
Loha,1
Lohardaga,1
Loins of Punjab Presents,1
London,1
London Calling,1
London Confidental,1
London Dreams,1
London Paris New York,1
Long Dark Road,1
Long Live Brij Mohan,1
Loot,1
Lootcase,1
Lootera,1
Lootere,1
Lorni - The Flaneur,1
Love,1
Love 86,1
Love Aaj Kal,1
Love Aaj Kal,1
Love Alive,1
Love and Shukla,1
Love at Times Square,1
Love Birds,1
Love Breakups Zindagi,1
Love Exchange,1
Love Express,0
Love Game,1
Love Games,1
Love in India,1
Love in Japan,1
Love in Nepal,1
Love in Tokyo,1
Love Ke Chakkar Mein,3
Love Ke Funday,3
Love Ke Liye Kuch Bhi Karega,1
Love Khichdi,1
Love Love Love,1
Love Marriage,1
Love Per Square Foot,1
Love Qubool Hai,1
Love Shagun,1
Love Sonia,1
Love Sorries,1
Love Story,1
Love Story 2050,1
Love Trainning,3
Love U... Mr. Kalakaar!,1
Love Will Take Over,1
Love You to Death,1
Lovefucked,1
LoveShhuda,1
"Lovesongs: Yesterday, Today & Tomorrow",1
"LSD: Love, Sex Aur Dhokha",1
Lucifer,1
Luck,1
Luck by Chance,1
Luckhnowi Ishq,1
Lucknow Central,1
Lucky Kabootar,3
Lucky: No Time for Love,1
Ludo,1
Luka Chuppi,1
Lupt,1
Lust Stories,1
Luv Ka the End,0
Luv Shuv Pyar Vyar,1
Luv Shuv Tey Chicken Khurana,3
Luv U Alia,1
Luv U Soniyo,1
LuvUTurn,1
M Cream,1
M.... Matric Pass,1
M.A.D: Mad About Dance,1
M.S. Dhoni: The Untold Story,1
Ma Beta,1
Maa,1
Maa,1
Maa,1
Maa Aur Mamta,1
Maa Baap,1
Maa Beti,1
Maa Kasam,1
Maa Kasam,1
Maa Tujhhe Salaam,1
Maachis,1
Maain Bhi Ladki Hun,1
Maal Road Dilli,3
Maan Abhiman,1
Maan Gaye Mughall-E-Azam,1
Maan Maryada,1
Maanthrikam,1
Maassab (The Teacher),1
Maati Maangey Khoon,1
Maatr,1
Maazii,1
Machaan,1
Machhli Jal Ki Rani Hai,1
Machine,1
Madaari,1
Madam Chief Minister,1
Madam X,1
Madari,1
Made in China,0
Madholal Keep Walking,0
Madhosh,1
Madhoshi,1
Madhubaala,1
Madhumati,1
Madly,1
Madly Bangali,1
Madmast Barkhaa,1
Madras Cafe,1
Madurey,1
Mafia,1
Magroor,1
Maha Shaktimaan,1
Mahaadev,1
Mahaan,1
Mahabali Hanuman,1
Mahabharat,1
Mahabharat,1
Mahabharat Aur Barbareek,1
Mahaguru,1
Mahal,1
Mahal,1
Mahananda,1
Maharaja,1
Maharana Pratap: The First Freedom Fighter,1
Maharathi,1
Maha-Sangram,1
Mahayoddha Rama,1
Mahek,1
Mahesh Dattani's Hasmukh Saab ki Wasihat,1
Mahua,1
Mai,1
Mai Baap,0
Maidan-E-Jung,1
Main Aisa Hi Hoon,1
Main Aur Charles,1
Main Aur Mera Hathi,1
Main Aur Mr. Riight,1
Main Awara Hoon,1
Main Azaad Hoon,1
Main Balwaan,1
Main Chup Rahungi,1
Main Hoon Na,1
Main Hoon Rajinikanth,3
Main Khiladi Tu Anari,1
Main Krishna Hoon,1
Main Mulayam Singh Yadav,1
Main Prem Ki Diwani Hoon,1
Main Solah Baras Ki,1
Main Sunder Hoon,1
Main Tera Hero,1
Main Tere Pyaar Mein Pagal,3
Main Tulsi Tere Aangan Ki,1
Main Tumhare Bachche ki Maa Banne Waali Hoon,1
Main Zaroor Aaunga,1
Main Zinda Hoon,1
"Main, Meri Patni... Aur Woh!",1
Maine Dil Tujhko Diya,1
Maine Pyaar Kyun Kiya,1
Majaal,1
Majaz: Ae Gham-e-Dil Kya Karun,1
Majboor Ladki,1
Majhli Didi,1
Majjma,1
Major Saab,1
Majunu,1
Malaal,1
Malamaal Weekly,3
Malang,1
Malik Ek,1
Mammo,1
Mamta,1
Man Ka Meet,1
Man Mandir,1
Manasarovar,1
Manavata,1
Manchala,1
Manchali,1
Mandi,0
Mangal Pandey,1
Mangal Pandey: The Rising,1
Mangalashtak Once More,1
Mangalsutra,1
Manikanda,1
Manikarnika: The Queen of Jhansi,1
Manjhi: The Mountain Man,1
Manjunath,1
Manmatha Leelai,1
Man-Mauji,1
Manokaamnaa,1
Manorama: Six Feet Under,1
Manoranjan,1
Manto,1
Mantostaan,1
Manzil,1
Manzil,1
Manzilein Aur Bhi Hain,1
Maqbool,1
Maqsad,1
Mard,1
Mard,1
Mard Ko Dard Nahin Hota,1
Mardaani,1
Mardaani 2,1
Margarita with a Straw,1
Marigold,1
Marine Drive,1
Marjaavaan,1
Market,1
Marne Bhi Do Yaaron,3
Maroon,1
Marshal,1
Marte Dam Tak,1
Marudhar Express,1
Mary Kom,1
Maryada,1
Masaan,1
Masala Chai,1
Masala Republic,1
Maseeha,1
Mashaal,1
Mashaal,1
Mashooka,1
Maska,1
Maska,1
Masoom,1
Masoom,1
Massey Sahib,1
Mast,1
Mast Kalandar,1
Mastana,1
Master,1
Masterji,1
Masti,1
Masti Express,1
MASTI NAHI SASTI,3
Mastizaade,3
Mastram,1
Mati Manas,1
Matru ki Bijlee ka Mandola,0
Matrubhoomi: A Nation Without Women,1
Mausam,1
Mausam,1
Mausam Ikrar Ke Do Pal Pyar Ke,1
Maut,1
Maut Ke Peeche Maut,1
Mawaali,1
Mawali No.1,1
Maximum,1
Maya,1
Maya,1
Maya Bazaar,1
Maya Darpan,1
Mayurpankh,1
Mazaa Mazaa,1
Mazaaq,3
Mazdoor,1
Mazdoor,1
Mazdoor Zindabaad,1
Me and Mrs. Khanna,1
Medal,1
Mee Raqsam,1
Mee Sindhutai Sapkal,1
Meenakshi,1
Meendum Kokila,1
Meera,1
Meera Ka Mohan,1
Meeruthiya Gangsters,1
Meet Mere Man Ke,1
Megalopolis,1
Meharbaani,1
Mehboob Ki Mehndi,1
Mehbooba,1
Mehbooba,1
Mehndi,1
Mehndi Lagi Mere Haath,1
Mehrban,1
Mehsampur,1
Mela,1
Mela,1
Mela,1
Melody,1
Mem Sahib,1
Mem-Didi,0
Memories,1
Memories in March,1
Memsaab,1
Men Not Allowed,1
Mera Damad,0
Mera Desh Mera Dharam,1
Mera Dil Tere Liye,1
Mera Gaon Mera Desh,1
Mera Haque,1
Mera Naam Johar,0
Mera Naam Joker,0
Mera Naseeb,1
Mera Pati Sirf Mera Hai,1
Mera Rakshak,1
Mera Ramrajya Nai Kranti,1
Mera Saathi,1
Mera Saaya,1
Mera Shikar,1
Meraa Dost Meraa Dushman,1
Meraa Ghar Mere Bachche,1
Mere Aagosh Mein,1
Mere Apne,1
Mere Baad,1
Mere Baap Pehle Aap,1
Mere Bhaiya,1
Mere Brother Ki Dulhan,1
Mere Dad Ki Maruti,1
Mere Do Anmol Ratan,1
Mere Dost Picture Abhi Baaki Hai,3
Mere Haule Dost,0
Mere Humsafar,1
Mere Huzoor,1
Mere Jeevan Saathi,1
Mere Jeevan Saathi,1
Mere Khwabon Mein Jo Aaye,1
Mere Mehboob,1
Mere Paas Baap Hai,3
Mere Sajana Saath Nibhana,1
Mere Sanam,1
Mere Yaar Ki Shaadi Hai,1
Meri Aawaz Suno,1
Meri Adaalat,1
Meri Bhabhi,1
Meri Biwi Ka Jawab Nahin,1
Meri Biwi Ki Shaadi,0
Meri Ganga Ki Saugandh,1
Meri Jung,1
Meri Majboorii...,1
Meri Nimmo,1
Meri Pyaari Bahania Banegi Dulhania,1
Meri Pyaari Bindu,1
Meri Zabaan,1
Michael,1
Mickey Virus,1
Midnight's Children,1
Milan,1
Milan Talkies,1
Milap,1
Milenge Milenge,1
Milestone,1
Miley - Naa Miley - Hum,1
Mili,1
Milta Hai Chance by Chance,3
Mind,1
Mirch,1
Mirch Masala,1
Mirchi: It's Hot,1
Mirror Game,1
Mirza Ghalib,1
Mirza Juuliet,1
Mirza Sahiban,1
Mirza's Lady,1
Mischief,1
Miss 420,1
Miss Frontier Mail,1
Miss India,1
Miss Lovely,1
Miss Manorama,1
Miss Pamela,1
Miss Tanakpur Haazir Ho,1
Miss Teacher,1
Missed Call,0
Missing,1
Missing on A Weekend,1
Mission Istaanbul: Darr Ke Aagey Jeet Hai!,1
Mission Kashmir,1
Mission Mangal,1
Mission Mumbai,1
Mithya,1
Mitr: My Friend,1
Mitron,3
Mitti,1
Mitti Aur Sona,1
Mixed Doubles,0
Mmirsa,1
Mod,1
Moh Maya Money,1
Mohabbat,1
Mohabbat,1
Mohabbat Aur Jung,1
Mohabbat Isko Kahete Hain,1
Mohabbat Ki Aag,1
Mohabbat Ki Arzoo,1
Mohabbatein,1
Mohalla Assi,0
Mohan Joshi Hazir Ho!,1
Mohan Rakesh's Adhe Adhure,1
Mohandas,1
Mohenjo Daro,1
Mohra,1
Mohre,1
Moksh To Maya,1
Moksha: Salvation,1
Mokssh,1
Mom,1
Mome Ki Gudiya,1
Money Hai Toh Honey Hai,0
Monica,1
Monsoon,1
Monsoon Shootout,1
Monsoon Wedding,1
Moods of Crime,1
Moojrim,1
Moral Nights,1
Morning Raga,1
Morning Walk,1
Mosagallu,1
Mother,0
Mother India,1
Mounto,1
MP3: Mera Pehla Pehla Pyaar,1
Mr Joe B. Carvalho,1
Mr Lonely Miss Lovely,3
Mr Ya Miss,1
Mr. & Mrs. '55,1
Mr. & Mrs. Khiladi,1
Mr. Azaad,1
Mr. Bechara,3
Mr. Bond,1
Mr. Hot Mr. Kool,1
Mr. India,1
Mr. India,1
Mr. Kabaadi,3
Mr. Natwarlal,1
Mr. Romeo,1
Mr. Romeo,1
Mr. Sampat,3
Mr. Singh/Mrs. Mehta,1
Mr. White Mr. Black,1
Mr. X,1
Mr. X,1
Mr. X,1
Mr. X in Bombay,1
Mridang,1
Mrigayaa,1
Mrityudaata,1
Mrityudand: The Death Sentence,1
Mrs. Scooter,1
Mrs. Serial Killer,1
MSG 2 the Messenger,1
MSG the Warrior: Lion Heart,1
MSG: The Messenger of God,1
Muavza,0
Mubarakan,1
Mudda 370 J&K,1
Mudda hai Bhookh: The War,1
Mudda: The Issue,1
Muddat,1
Mujhe Insaaf Chahiye,1
Mujhe Jeene Do,1
Mujhe Kucch Kehna Hai,1
Mujhse Dosti Karoge,1
Mujhse Fraaandship Karoge,1
Mujhse Shaadi Karogi,1
Mukhbiir,1
Mukthi,1
Mukti,1
Mulk,1
Mulzim,1
Mumal: A prophecy,1
Mumbai 125 KM 3D,1
Mumbai Can Dance Saalaa,1
Mumbai Central,1
Mumbai Cutting,1
Mumbai Delhi Mumbai,1
Mumbai Matinee,1
Mumbai Meri Jaan,1
Mumbai Mirror,1
Mumbai Saga,1
Mumbai Se Aaya Mera Dost,1
Mumbai Xpress,3
Mumbai's King,1
Mumbhai Connection,1
Mummy Punjabi: Superman Ki Bhi Maa!!,0
Munimji,1
Munimji,1
Munna Bhai M.B.B.S.,0
Munna Mange Memsaab,3
Munna Michael,1
Munnibai,1
Muqabla,1
Muqabla,1
Muqaddar,1
Muqaddar Ka Faisla,1
Muqaddar Ka Sikandar,1
Murder,1
Murder 2,1
Murder 3,1
Musafir,1
Musafir,1
Mushkil,1
Music Teacher,1
Muskaan,1
Muskurahat,0
Muskurahatein,1
Mutamestri,1
Muthu,1
Muzaffarnagar 2013,1
Muzaffarnagar Baaqi Hai,1
My Birthday Song,1
My Brother... Nikhil,1
My Client's Wife,1
My Cornerstone,1
My Dear Kuttichaathan,1
My Faraway Bride,1
My Father Iqbal,1
My Friend Ganesha,1
My Friend Ganesha 2,1
My Friend Pinto,1
My Friend's Dulhania,1
My Husband's Wife,1
My Love,1
My Name Is Khan,1
My Wife's Murder,1
Myoho,1
Myrah,1
N.H 10,1
Na Jaane Kabse,1
Na Tum Jaano Na Hum,1
Naach,1
Naach Govinda Naach,1
Naach Uthe Sansaar,1
Naag Panchami,1
Naagmani,1
Naajayaz,1
Naalayak,1
Naam,1
Naam Gum Jaayega,1
Naam Hai Akira,1
Naam O Nishan,1
Naam Shabana,1
Naamcheen,1
Naami Chor,1
Naaraaz,1
Naari Chakra,1
Nache Nagin Gali Gali,1
Nadaan,1
Nadir Shah,1
Nadiya Ke Paar,1
Nadiya Ke Paar,1
Nagadevathe,1
Nagin,1
Nagin,1
Nagina,1
Nai Roshni,1
Nail Polish,1
Naina,1
Naina,1
Naiyya,1
Najma,1
Nakhuda,2
Nakli Nawab,1
Naksha,1
Nakshatra,1
Namah Shivaya Shantaya,1
Namak,1
Namak Halaal,1
Namak Haraam,1
Namaste England,1
Namastey London,1
Namdev Bhau,1
Namkeen,1
Namo Venkatesa,1
Nanak Shah Fakir,1
Nanhe Jaisalmer: A Dream Come True,1
Nannha Farishta,1
Nanu Ki Jaanu,1
Naqaab,1
Naqab,1
Naram Garam,0
Narasimha,1
Narayan,1
Nartakee,1
Nartaki,1
Nasbandi,0
Naseeb,1
Naseeb,1
Naseeb Apna Apna,0
Naseebwaala,1
Nasha,1
Nasihat,1
Nastik,1
Nateeja,1
Nath Ek Pratha,1
Nau Do Gyarah,1
Naughty @ 40,0
Naughty Boy,3
Naujawan,1
Naukar Ki Kameez,1
Naukari,1
Nauker,0
Naulakha Haar,1
Nausherwan-E-Adil,1
Nautanki Saala!,1
Navarasa,1
Navrang,1
Nawabzaade,1
Naya Andaz,1
Naya Daur,1
Naya Daur,1
Naya Din Nai Raat,1
Naya Khoon,1
Naya Zamana,1
Nayak: The Real Hero,1
Nayee Padosan,3
Nazar,1
Nazar,1
Nazar Ke Samne,1
Nazrana,1
NCR: Chapter One,1
Neal 'n' Nikki,1
Neecha Nagar,1
Neel Kamal,1
Neel Kamal,1
Neel Mani,1
Neelambari,1
Neend Hamari Khwab Tumhare,1
Neerja,1
Neeyat,1
Nehlle Pe Dehlla,1
Nehru: The Jewel of India,1
Neighbours,1
Netaji Subhas Chandra Bose: The Forgotten Hero,1
Netaji Subhash Chandra Bose,1
New Delhi,1
New Delhi Times,1
New York,1
Newton,0
NH-8: Road to Nidhivan,1
Nidaan,1
Nigahen: Nagina Part II,1
Night,1
Night Club,1
Nil Battey Sannata,1
Ninne Pelladatha,1
Nirbhay,1
Nirdosh,1
Nirdosh,1
Nirmaan,1
Nirmal Anand Ki Puppy,1
Nirmala,1
Nirvana Inn,1
Nirvana13,1
Nishaan,1
Nishabd,1
Nishan,1
Nishana,1
Nishane Bazi,1
Nishant,1
Nishchaiy,1
No Entry,1
No Man's Truth,1
No One Killed Jessica,1
No Problem,1
No Smoking,1
Noblemen,1
Noise of Silence,1
Noor,1
Noorie,2
Noorjehan,1
Not a Love Story,1
Notebook,1
Noukadubi,1
NTR Kathanayakudu,1
Number Game,1
Numbri Aadmi,1
Nyay Anyay,1
Nyaydaata,1
Nympho: The Lust Story,1
O Teri,0
Oass,1
Ocean of an Old Man,1
Octave,1
October,1
Odd Couple,1
Office #thebrightesthorrorfilm,1
Officer Arjun Singh IPS,1
Offshore,1
Oh Darling Yeh Hai India,3
"Oh, My God!!",0
OK Jaanu,1
Om Dar-B-Dar,1
Om Jai Jagadish,1
Om Shanti Om,1
Omerta,1
OMG: Oh My God!,1
Omkara,1
Omprakash Zindabad,0
Once Again,1
Once Upon a Time in Bihar,1
Once Upon a Time in Mumbaai,1
Once Upon a Time in Mumbaai Dobara,1
One 2 Ka 4,1
One by Two,1
One Day Before the Rainy Season,1
One Day: Justice Delivered,1
One Dollar Curry,3
One Night Out,1
One Night Stand,1
One Two Three,1
Only You,1
Oonch Neech Beech,1
Oonche Log,1
Oonga,1
Ooops a Desi,1
Oops!,0
Opera House,1
Operation Jackpot,1
Operation Parindey,1
Oraalppokkam,1
Ormakal Marikkumo?,1
Oru Kaidhiyin Diary,1
Out of a Jam,1
Out of Control,1
Overtime,1
Oye Lucky! Lucky Oye!,1
P Se PM Tak,0
P Se Pyaar F Se Faraar,1
Paa,0
Paagalpan,1
Paan Singh Tomar,1
Paanch,1
Paanch Qaidi,1
Paandav,1
Paap,1
Paap Ki Duniya,1
Paap Ki Kamaee,1
Paap Ko Jalaa Kar Raakh Kar Doonga,1
Paapi - Ek Satya Katha,1
Paar,1
Paathshaala,1
Paayal,1
Paayum Puli,1
Pad Man,0
Padatik,1
Padikkathavan,1
Padmaavat,1
Padmashree Laloo Prasad Yadav,3
Padosan,1
Padosi,1
Pagalpanti,1
Pagdi: The Honour,1
Page 16,1
Page 3,1
Pagglait,0
Pagleaazam,3
Paharganj,1
Paheli,1
Paheli,1
Paigham,0
Pailwaan,1
Painting Life,1
Paisa Hi Paisa,3
Paisa Vasool,1
Paisa Ya Pyar,1
Pakhandi,1
Pakhi,1
Pal Pal Dil Ke Paas,1
Palay Khan,1
Palki,1
Palkon Ki Chhaon Mein,1
Paltan,1
Panaah,1
Pancha Thanthram,1
Panchaali,1
Panchakshari,1
Pancham Unmixed: Mujhe Chalte Jaana Hai ...,1
Panchamirtham,3
Panchayat,1
Pandian,1
Panga,1
Panipat,1
Pankh,1
Papa Kahte Hain,3
Papa the Great,1
Papi,1
Papi Gudia,1
Pappu Can't Dance Saala,1
Pappu Ki Pugdandi,1
Param Dharam,1
Param Vir Chakra,1
Paramaatma,1
Parampara,1
Paranthe Wali Gali,1
Paras,1
Parasmani,1
Parasuram,1
Paraya Ghar,1
Parched,1
Parchhaiyan,1
Parda Hai Parda,1
Pardes,1
Pardesi,1
Pardesi,1
Pareeksha,1
Pareshaan Parinda,1
Pari,1
Parichay,1
Parinati,1
Parinda,1
Parineeta,1
Parivar,0
Parmanu: The Story of Pokhran,1
Paroma,1
Partner,1
Party,1
Parvarish,1
Parvarish,1
Parwana,1
Parwana,1
Parzania,1
Passport,1
Pataakha,1
Pataal Bhairavi,1
Patang,1
Patang,1
Patanga,1
Patanga,1
Patel Ki Punjabi Shaadi,3
Paththar,1
Pati Patni,1
Pati Patni Aur Woh,1
Pati Patni Aur Woh,1
Patiala Dreamz,1
Patiala House,1
Patita,1
Patita,1
Patli Kamar Lambe Baal,1
Pattathu Yaanai,1
Patth,1
Patthar Aur Payal,1
Patthar Ke Phool,1
Patthar Ke Sanam,1
Pavitra Paapi,1
Payaase Panchhi,3
Payal Ki Jhankaar,1
Payal Ki Jhankar,1
Payback,1
Paying Guest,1
Paying Guests,0
Pazhani,1
Peda Rayudu,1
Peddlers,1
Peechha Karro,1
Peepli [Live],0
Pehchaan,1
Pehchaan: The Face of Truth,1
Pehla Nasha,1
Pehli Jhalak,1
Pehli Nazar Ka Pyaar,1
Penalty,1
Perfect Plan,1
Periyanna,1
Permission,1
Pestonjee,0
Pet Pyaar Aur Paap,1
Phaansi,1
Phaansi Ke Baad,1
Phagun,2
Phamous,1
Phandebaaz,1
Phantom,1
Phas Gaye Re Obama,1
Phata Poster Nikhla Hero,1
Phhir,1
Phillauri,1
Phir Aaya Satte Pe Satta,1
Phir Bhi Dil Hai Hindustani,1
Phir Hera Pheri,1
Phir Kab Milogi,1
Phir Milenge,1
Phir Se...,1
Phir Subha Hogi,1
Phir Tauba Tauba,1
Phir Teri Kahani Yaad Aayee,1
Phir Wohi Raat,1
Phobia,1
Phool,1
Phool Aur Angaar,1
Phool Aur Kaante,1
Phool Aur Patthar,1
Phool Khile Hain Gulshan Gulshan,1
Phoolan Hasina Ramkali,1
Phoolon Ki Sej,1
Phoonk,1
Phoonk 2,1
Phoring,1
Photograph,1
Phullu,0
Phulmania,1
Phulwari,1
Picnic,1
Pied Piper,0
Pighalta Aasman,1
Pihu,1
Piku,0
Pinjar,1
Pinjra,1
Pink,1
Pinky Beauty Parlour,1
Pinti Ka Sabun,1
Pirates 1.0,1
Pitaah,1
Pitta Kathalu,1
Piya Ka Ghar,1
Piya Milan,1
Piya Milan,1
Piya Pyare,1
Pizza,1
PK,1
PK Lele a Salesman,1
Plan,1
Platform,1
Play This,1
Players,1
PM Narendra Modi,1
Pocket Gangsters,1
Police Aur Mujrim,1
Police Force: An Inside Story,1
Police Officer,1
Police Public,1
Police Wala,1
Policegiri,1
Policewala Gunda,1
Poochho Mere Dil Se,1
Pooja Ke Phool,1
Poonam,1
Poonam Ki Raat,1
Poorna,1
Popcorn Khao! Mast Ho Jao,1
Post Box 999,1
Poster Boys,3
Prabhat,1
Prague,1
Prahaar: The Final Attack,1
Prakash Electronic,3
Pran Jaaye Par Shaan Na Jaaye,0
Pranaam,1
Prarambh,1
Prassthanam,1
Prateeksha,1
Pratibandh,1
Pratibimbo,1
Pratighaat,1
Pratigyabadh,1
Pratikar,1
Pratisaad: The Response,1
Pratishodh,1
Pratyaghat,1
Preetam,1
Prem,1
Prem Aggan,1
Prem Deewane,1
Prem Geet,1
Prem Kahani,2
Prem Kahani,1
Prem Nagar,1
Prem Patra,1
Prem Pratigyaa,1
Prem Pujari,1
Prem Qaidi,1
Prem Ratan Dhan Payo,1
Prem Rog,1
Prem Shastra,1
Prem Tapasya,1
Prem Yog,1
PremGranth,1
Pret Atma,1
Pride and Honour,1
Prince,1
Prithvi,1
Prithvi Vallabh,1
Private Detective: Two Plus Two Plus One,1
Priyasakhi,2
Priyatama,1
Procession of Memories,1
Professor,1
Professor Ki Padosan,3
Professor Pyarelal,1
Project Marathwada,1
Project Papa,1
Psycho Raman,1
Pudhiya Geethai,1
Pukar,1
Puli Bebbuli,1
Punnagai Mannan,1
Purab Aur Pachhim,1
Purana Mandir,1
Purana Purush,1
Purani Haveli,1
Purani Jeans,1
Purnima,1
Pyaar Diwana,3
Pyaar Diwana Hota Hai,1
Pyaar Impossible!,1
Pyaar Ka Punchnama,1
Pyaar Ka Punchnama 2,1
Pyaar Ka Rishta,1
Pyaar Ka Tarana,1
Pyaar Karke Dekho,1
Pyaar Karle,1
Pyaar Ke Side Effects,1
Pyaar Kiya Nahin Jaata..,1
Pyaar Kiya To Darna Kya,1
Pyaar Koi Khel Nahin,1
Pyaar Mein Twist,1
Pyaar to Hona Hi Tha,1
Pyaar Tune Kya Kiya...,1
Pyaar Vali Love Story,1
Pyaar Zindagi Hai,1
Pyaasa,1
Pyaasa,1
Pyaasa Haiwan,1
Pyaasa Sawan,1
Pyar Bhara Dil,1
Pyar Hi Pyar,1
Pyar Hua Chori Chori,1
Pyar Jhukta Nahin,1
Pyar Ka Devta,1
Pyar Ka Karz,1
Pyar Ka Mandir,1
Pyar Ka Mausam,1
Pyar Ka Sapna,1
Pyar Ka Saudagar,1
Pyar Ke Do Pal,1
Pyar Ke Kabil,2
Pyar Ke Naam Qurban,1
Pyar Ki Jeet,1
Pyar Ki Kahani,1
Pyar Kiya Hai Pyar Karenge,1
Pyar Kiye Jaa,1
Pyare Mohan,1
Pyari Behna,1
Pyasa Shaitan,1
Qaid,1
Qaidi,1
Qarib Qarib Single,1
Qasam Se Qasam Se,1
Qatil,1
Qatil Chudail,1
Qatil Haseeno Ka,1
Qatl,1
Qayamat,1
Qayamat Se Qayamat Tak,1
Qayamat: City Under Threat,1
Qila,1
Queen,1
Quick Gun Murugun: Misadventures of an Indian Cowboy,1
Qurbani,1
R... Rajkumar,1
Ra.One,1
Raabta,1
Raadha Aur Seeta,1
Raag Desh,1
Raagini,1
Raahgir,1
Raaja,1
Raakh,1
Raakh: A Poem Masked in Blood,1
Raakhi Aur Rifle,1
Raampur Ka Lakshman,1
Raanjhanaa,1
Raasaiyya,0
Raaste Kaa Patthar,1
Raat,1
Raat Akeli Hai,1
Raat Aur Din,1
Raat Baaki Hai,1
"Raat Gayi, Baat Gayi?",0
Raat Ke Andhere Mein,1
Raavan,1
Raaz,1
Raaz,1
Raaz,1
Raaz 3: The Third Dimension,1
Raaz Reboot,1
Raaz: The Mystery Continues,1
Raazi,1
Rab Ne Bana Di Jodi,1
Rabba Main Kya Karoon,1
Race,1
Race 2,1
Race 3,1
Rachna,1
Racket,1
Radha Krishna,1
Radhe,1
Radio: Love on Air,1
Raees,1
Raeeszada,1
Rafoo Chakkar: Fun on the Run,1
Raghu Romeo,1
Raghuveer,1
Ragini MMS,1
Ragini MMS 2,1
Rahasya,1
Rahenge Sadaa Gardish Mein Taare,1
Rahgir,1
Rahi,1
Rahu Ketu,1
Rahul,1
Raid,1
Railway Children,1
Railway Platform,1
Railway Raju,1
Rainbow,0
Raincoat,1
Raj Hath,1
Raj Mahal,1
Raj Tilak,1
Raja,1
Raja Abroadiya,1
Raja Aur Runk,1
Raja Babu,1
Raja Bhaiya,0
Raja Harishchandra,1
Raja Hindustani,1
Raja Ki Ayegi Baraat,1
Raja Ko Rani Se Pyar Ho Gaya,1
Raja Natwarlal,1
Raja Saab,1
Rajaji,1
Rajdhani Express,1
Rajjo,1
Rajkumar,1
Rajkumar,1
Rajma Chawal,1
Rajneeti,1
Rajnigandha,1
Rajoo Dada,1
Rajput,1
Rajput Ramani,1
Raju Ban Gaya Gentleman,1
Raju Chacha,1
Rakhi,1
Rakhi Aur Hathkadi,1
Rakht,1
Rakhta Charitra,1
Rakhta Charitra 2,1
Rakhtbeej,1
Rakhwale,1
Rakkhosh,1
Raksha,1
Rakshaa Bandhan,1
Rakshak,1
Rakta Bandhan,1
Raktdhar,1
Ram Aur Shyam,1
Ram Balram,1
Ram Bharose,3
Ram Gopal Varma Ki Aag,1
Ram Jaane: God Knows,1
Ram Ki Janmabhoomi,1
Ram Lakhan,1
Ram Rajya,1
Ram Ratan,1
Ram Singh Charlie,1
Ram Tera Desh,1
Ram Tere Kitne Nam,1
Ram Teri Ganga Maili,1
Rama Rama Kya Hai Dramaaa,1
Ramaa: The Saviour,1
Ramad,1
Ramaiya Vastavaiya,1
Ram-Avtar,1
Ramayana: The Epic,1
Ramgarh Ke Sholay,1
Ramji Londonwaley,1
Ramkali,1
RamLeela,1
Ramprasad Ki Tehrvi,0
Ramshastri,1
Ramta Jogi,1
Ramudochhadu,1
Ranbanka,1
Ranchi Diaries,1
Rang,1
Rang Birangi,3
Rang De Basanti,1
Ranga,1
Rangeela,1
Rangeela Raja,3
Rangeelay,1
Rangoon,1
Rangrezz,1
Rani Aur Lalpari,1
Rani Rupmati,1
Ranj,1
Rann,1
Ranna,1
Ranviir the Marshal,1
Rao Saheb,0
Raqeeb,1
Raqt,1
Rascals,1
Rashtraputra,1
Ratan,1
Raton Ki Rani (The Night Queen),1
Ravan Raaj: A True Story,1
Ready,1
Rebellious Flower,1
Red Alert: The War Within,1
Red Rose,1
Red Swastik,1
Red: The Dark Side,1
Rediscovering India,1
Redrum,1
Refl3ct,1
Refugee,1
Regards & Peace,1
Rehguzar,1
Rehnaa Hai Terre Dil Mein,1
Relax,1
Religion,1
Remember Amnesia,3
Reporter Raju,1
Rescue,1
Resham Ki Dori,1
Reshma Aur Shera,1
Reshma Aur Sultaan,1
Return of Jewel Thief,1
Return of Robin Hood,1
Reva,1
Revati,1
Revenge of the Tigress,1
Revolver Rani,1
Ribbon,1
Right Yaaa Wrong,1
Rihaee,1
Rikki-Tikki-Tavi,1
Rise of the Zombie,1
Rishte Naahte,1
Rishtey,1
Risk,1
Risknamaa,1
Ritu,1
Rivaaj,1
Riwayat,1
Riyasat,1
RK/RKAY,1
Road,1
Road to Ladakh,1
Road to Sangam,1
"Road, Movie",1
Roadside Romeo,1
Roam Rome Mein,1
Roar: Tigers of the Sundarbans,1
Rock Dancer,1
Rock on 2,1
Rock On!!,1
Rocket Singh: Salesman of the Year,0
Rockford,0
Rockstar,1
Rocky,1
Rocky,1
Rocky Handsome,1
Rog,1
Rokkk,1
Rolling in Money,3
Romeo Akbar Walter,1
Roohani Taaqat,1
Roohi,1
Roohi,1
Room: The Mystery,1
Roop Ki Rani Choron Ka Raja,1
Rootha Na Karo,1
Roshni,1
Roti,1
Roti,1
Roti Kapada Aur Makaan,1
Roti Kee Keemat,1
Rough Book,1
Rowdy Inspector,1
Rowdy Rathore,1
Roy,1
Ru-Ba-Ru,1
Rudaali,1
Rudraksh,1
Rudranetra,1
Rui Ka Bojh,1
Rukh,1
Run,1
Run Bhuumi - Champs Don't Cry,1
Run Zindagi Run,1
Rungoli,1
Running Shaadi,1
Runway: Love Among Gun Shots...,1
Rupaye Dus Karod,1
Rush,1
Rustom,1
Rustom,1
Rustom Kaun,1
Rustom Sohrab,1
Rustom-E-Rome,1
S. P. Parasuram,1
S.P. Chauhan,1
Saagar,1
Saaheb,1
Saajan,1
Saajan Bina Suhagan,1
Saajan Chale Sasural,0
Saajan Ka Ghar,1
Saala Khadoos,1
Saanch Ko Aanch Nahin,1
Saand Ki Aankh,1
Saanjh,1
Saanncha,1
Saansein: The Last Breath,1
Saaransh,1
Saare Jahaan Se Mehnga...,0
Saari Raat,1
Saat Hindustani,1
Saat Rang Ke Sapne,1
Saat Uchakkey,3
Saath Saath,1
Saathi,1
Saathi,1
Saathiya,2
Saatwan Aasman,1
Saavi: A Bonded Bride,1
Saawan... The Love Season,1
Saawariya,1
Saaya,1
Saaya,1
Saaz Aur Awaaz,1
Saazish,1
Saazish,1
Sab Kushal Mangal,1
Sabki Bajegi Band,0
Saboot,1
Saboot Mangta Hain Kanoon,1
Sabrang,1
Sabse Bada Khiladi,1
Sabse Bada Rupaiya,3
Sabse Badi Ganga Ki Saugandh,1
Sabuj Dwiper Raja,1
Sachaa Jhutha,1
Sachaai,1
Sachai Ki Taqat,1
Sachin - A Billion Dreams,1
Sacred Evil,1
Sadak,1
Sadak 2,1
Sadda Adda,1
Sadhna,1
Sadhu Aur Shaitaan,1
Sadiyaan: Boundaries Divide... Love Unites,1
Sadma,1
Safar,1
Sagai,1
Sagar Sangam,1
Sahara,1
Sahasa Veerudu Sagara Kanya,1
Sahasam,1
Saheb Biwi Aur Gangster,1
Saheb Biwi Aur Gangster 3,1
Saheb Biwi Aur Gangster Returns,1
Sahhas,1
Sahi Dhandhe Galat Bande,1
Sahib Bibi Aur Ghulam,1
Sahibaan,1
Saina,1
Sainik,1
Sainika,1
Sajan,1
Sajna Saath Nibhana,1
Sakalakala Vallavan,1
Salaakhen,1
Salaakhen,1
Salaam Bacche,1
Salaam Bombay!,1
Salaam Namaste,1
Salaam Zindagi,1
Salaam-E-Ishq,1
Salim Langde Pe Mat Ro,1
Sallu Ki Shaadi,1
Salma Pe Dil Aa Gaya,1
Samadhan,1
Samadhi,1
Samadhi,1
Samaj Ko Badal Dalo,1
Samar,1
Samarasimha Reddy,1
Samarat Prithviraj Chauvan,1
Samay: When Time Strikes,1
Sameer,1
Sampark,1
Sampoorna Mahabharat,1
Sampoorna Ramayana,1
Samraat,1
Samrat & Co.,1
Samrat Chandragupt,1
Samson,1
Samundar,1
Sanam,1
Sanam Bewafa,1
Sanam Re,1
Sanam Teri Kasam,1
Sanam Teri Kasam,1
Sandakozhi,1
Sandeep Aur Pinky Faraar,1
Sandwich,1
Sangam,1
Sangdil,1
Sangdil Sanam,1
Sangeet,1
Sangharsh,1
Sangram,1
Sangram,1
Sanjh Aur Savera,1
Sanjog,0
Sanjog,1
Sanjog,1
Sanju,1
Sankat City,1
Sankham,1
Sankoch,1
Sannata,1
Sanshodhan,1
Sant Dnyaneshwar,1
Sant Dnyaneshwar,1
Sant Gyaneshwar,1
Sant Tukaram,1
Santa Banta Pvt Ltd,1
Santaan,1
Santosh,1
Santosham,1
Sanyasi,1
Sapne Saajan Ke,1
Sapnon Ka Saudagar,1
Sapoot,1
Sara Akash,1
Sarabha,1
Saranga,1
Saraswathi Sabatham,1
Saraswatichandra,1
Sarbjit,1
Sardaar Gabbar Singh,1
Sardar,1
Sardar Ka Grandson,1
Sardari Begum,1
Sarfarosh,1
Sarfarosh,1
Sargam,1
Sargam,1
Sargoshiyan,1
Sarhad,1
Sarhad Paar,1
Sarivar Sari,1
Sarkar,1
Sarkar 3,1
Sarkar Raj,1
Sarkari Mehman,1
Sasti Dulhan Mahenga Dulha,1
Sasural,1
Satah Se Uthata Aadmi,1
Satellite Shankar,1
Sathyam,1
Satrangee Parachute,1
Satta,1
Satte Pe Satta,1
Satya,1
Satya 2,1
Satyagraha,1
Satyajit Ray,1
Satyakam,1
Satyam Shivam Sundaram: Love Sublime,1
Satyameva Jayate,1
Satyameva Jayate,1
Sau Crore,1
Sau Jhooth Ek Sach,1
Sauda,1
Saudagar,1
Saudagar,1
Saugandh,1
Saugandh Geeta Ki,1
Sautela,1
Sautela Bhai,1
Saveray Wali Gaadi,1
Sawaal,2
Sawan Bhadon,1
Sawan Ki Ghata,1
Sawan Ko Aane Do,1
Say Salaam India: 'Let's Bring the Cup Home',1
Say Yes to Love,1
Sayonee,1
Sazaa,1
Scorned,1
Scotland,1
Scream of the Ants,1
Searching for Sheela,1
Seasons Greeting,1
Second Hand Husband,1
Second Marriage Dot Com,1
Secret Superstar,1
Secrets of Sinauli,1
Section 375,1
Seeking Happily Ever After,1
Seeking True Love,1
Seema,1
Seeta Aur Geeta,1
Seetharamula Kalyanam Lankalo,1
Seevalaperi Pandi,1
Sehar,1
Sengottai,1
Serious Men,0
Setters,1
Shaadi Abhi Baaki Hai,1
Shaadi Karke Phas Gaya Yaar,1
Shaadi Ke Baad,3
Shaadi ke patasey,1
Shaadi Ke Side Effects,1
Shaadi Mein Zaroor Aana,1
Shaadi No. 1,3
Shaadi Se Pehle,1
Shaadi Teri Bajayenge Hum Band,3
Shaadisthan,1
Shaan,1
Shaandaar,1
Shaapit: The Cursed,1
Shabd,1
Shabnam,2
Shabnam Mausi,1
Shabri,1
Shackle,1
Shagird,1
Shaheed,1
Shaheed,1
Shaheed-E-Azam,1
Shahenshah,1
Shahenshah,1
Shahid,1
Shahjehan,1
Shahji ki Advice,3
Shahrukh Bola 'Khoobsurat Hai Tu'... And She Believed in It,0
Shair,1
Shaitaan,1
Shaitan,1
Shaitani Dracula,1
Shaitani Ilaaka,1
Shakal Pe Mat Ja,1
Shakalaka Boom Boom,1
Shakeela,1
Shakespeare-Wallah,1
Shakthi: The Power,1
Shakti,1
Shaktiman,1
Shakuntala,1
Shakuntala Devi,1
Shalimar,1
Sham Ghansham,1
Shama,1
Shama Parwana,1
Shamitabh,1
Shandaar,1
Shandar,1
Shanghai,1
Shankar Dada,1
Shankar Khan,1
Shankar Shambhu,1
Shanti Kranti,1
Shapath,1
Shapath,1
Sharaabi,1
Sharada,1
Sharafat,1
Sharafat Chhod Di Main Ne,1
Sharafat Gayi Tel Lene,1
Sharara,1
Shararat,1
Sharda,1
Sharmaji Ki Lag Gai,3
Sharmeelee,1
Shart,1
Shart,1
Shart: The Challenge,1
Shastra,1
Shatranj,1
Shatru,1
Shaukeen,3
Shaukeen Kaminay,0
Shaurya: It Takes Courage to Make Right... Right,1
Sheesh Mahal,1
Sheesha,1
Sheetalbhabi.com,3
Shehar Aur Sapna,1
Shehnai,1
Shehri Gabru,1
Sheikh Chilli,1
Sheitaan,1
Shera,1
Sheshnaag,1
Shikaar,1
Shikar,1
Shikara,1
Shikari,1
Shikari,1
Shikari: The Hunter,1
Shikast,1
Shikhar,1
Shikshaa,1
Shimla Mirchi,1
Ship of Theseus,1
Shirdi Ke Sai Baba,1
Shirdi Sai Baba,1
Shirin Farhad Ki Toh Nikal Padi,1
Shiva,1
Shiva,1
Shiva Ka Insaaf,1
Shiva Shakti,1
Shivaay,1
Shobhayatra,0
Shobhna's Seven Nights,1
Shohrat the Trap,1
Shola Aur Shabnam,1
Shola Aur Shabnam,1
Sholay,1
Shool,1
Shoonya,1
Shoorveer,1
Shootout at Lokhandwala,1
Shootout at Wadala,1
Shor,1
Shor in the City,1
Shor Se Shuruaat,1
Shorgul,1
Shortcut Romeo,1
Shortcut Safari,1
Shortkut - The Con Is On,0
Shorts,1
Showbiz,1
Shradhanjali,1
Shree,1
Shree 420,1
Shree Ganesh,1
Shree Krishnarjun Yuddh,1
Shreelancer,1
Shreemaan Aashique,1
Shri Datta Darshanam,1
Shriman Satyawadi,1
Shriman Shrimati,1
Shrimanji,1
Shringaar,1
Shubh Kaamna,0
Shubh Mangal Savdhan,1
Shubh Mangal Zyada Saavdhan,1
Shubh Raatri,1
Shuddh Desi Romance,1
Shuddhi,1
Shukranu,1
Shukriya: Till Death Do Us Apart,1
Shuruaat Ka Interval,1
Shuruaat Ka Twist,1
Shuttlecock Boys,0
Siddeshwari,1
Siddharth,1
Sikandar,1
Sikandar Sadak Ka,1
Sikka,1
Silence Please... The Dressing Room,1
Silence the Court Is in Session,1
Silence: Can You Hear It,1
Silsiilay,1
Silsila,2
Silsila Hai Pyar Ka,1
Silvat,1
Simhadriya Simha,1
Simmba,1
Simran,1
Sindhustan,1
Sindoor,0
Singapore,1
Singh Is Bliing,1
Singh Is King,1
Singh Saab the Great,1
Singham,1
Singham,1
Singham Returns,1
Singhasan,1
Sins,1
Sir,1
Sir,1
Sirf Romance: Love by Chance,1
Sirf....: Life Looks Greener on the Other Side,1
Siskiyaan,1
Sitara,1
Sivaji,1
Sivappathikaaram,1
Six X,1
Sixteen,1
Siyaah..,1
Skater Girl,1
Slender Threads,1
Snegithiye,1
Sneham Kosam,1
Sniffer,1
Soch,1
Socha Na Tha,1
Sohag Raat,1
Sohni Mahiwal,1
Sohni Mahiwal,1
Sold,1
Soldier,1
Solva Saal,1
Solva Sawan,1
Some Where in Delhi,1
Son of Dracula,1
Son of Hercules,1
Son of Sardaar,1
Sona Spa,1
Sonali Cable,0
Sonchiriya,1
Sone Ki Chidiya,1
Sone Pe Suhaaga,1
Soni,1
Sons of Ram,1
Sonu Ke Titu Ki Sweety,1
Soorarai Pottru,1
Soorma,1
Soorma Bhopali,3
Sooryavansham,1
Sorry Bhai!,1
SOS: Secrets of Sex,1
Soul of Sand,1
Soundtrack,1
Souryam,1
Souten,1
Souten Ki Beti,1
Souten: The Other Woman,1
Spandan,1
Spark,1
Special 26,1
Speed,1
Split Wide Open,1
Spy in Rome,1
Sree Rama Anjaneya Yuddham,1
Sri Anjaneyam,1
Sri Venkateswara Mahathyam,1
Sssshhh...,1
Stanley Ka Dabba,1
State Rowdy,1
Station,1
Stay Alert,0
Staying Alive,1
Staying Alive,1
Stoovertpuram Police Station,1
Straight,0
Strangers,1
Stree,1
Stree,1
Street Dancer 3D,1
Street Fighter,1
Street Fighter: The Legend of Chun-Li,1
Street Singer,1
Striker,1
Strings of Passion,1
Student of the Year,1
Student of the Year 2,1
Stumped,1
Style,1
Subah Ka Tara,1
Subha-O-Sham,1
Subhas Chandra,1
Suddha,1
Sudesi,1
Sudhandhiram,1
Suhaag,1
Suhaag,1
Suhaag Raat,1
Suhagan,1
Suhana Safar,0
Sui Dhaaga,0
Sujata,1
Sulemani Keeda,1
Sullan,1
Sultaan,1
Sultan,1
Summer 2007,1
Summer Camp,0
Sun Meri Laila,1
Sun Sajna,2
Sun Zarra,1
Sunayana,1
Sunday,1
Sunehre Din,1
Sunghursh,1
Sunglass,1
Sunn Raha Hai Na,1
Sunny,1
Suno Na.. Ek Nanhi Aawaz,1
Suno Sasurjee,1
Sunset Bollywood,1
Sunshine Music Tours & Travels,3
Suntan,1
Supari,1
Supari - The Quest Begins Now,1
Super 30,1
Super Model,1
Super Nani,1
Super Police,1
Superman,1
Supermen of Malegaon,1
Superstar,1
Sur,1
Sur Sangam,1
Suraj,1
Suraj Aur Chanda,1
Suraj Pe Mangal Bhari,3
Surakksha,1
Surakshaa,1
Surkhaab,1
Surkhiyaan (The Headlines),1
Suryavanshi,1
Susman,1
Swades,1
Swami,1
Swami,1
Swami Dada,1
Swarg,1
Swarg Narak,1
Swati,1
Swayamvar,1
Sweekar Kiya Maine,0
Sweetiee Weds NRI,1
Switchh,1
T for Taj Mahal,1
Ta Ra Rum Pum,1
Taal,1
Taanashah,1
Taaqat,1
Taarzan: The Wonder Car,1
Tabaahi: The Destroyer,1
Table No. 21,1
Tada,1
Tadap,1
Tadipaar,1
Tahalka,1
Tahkhana,1
Tahqiqaat,1
Taish,1
Taj,1
Taj Mahal: A Monument of Love,1
Taj Mahal: An Eternal Love Story,1
Tajurba,1
Taking the Horse to Eat Jalebis,1
Takkar,1
Takkar,1
Talaaq,1
Talaash,1
Talaash: The Hunt Begins...,1
Talaashi,1
Talash,1
Tales of Siva 1,1
Tallukh,1
Talvar,1
Tamacha,1
Tamanchey: Pyar Mein Dil Pe Maar De Goli,1
Tamanna,1
Tamasha,1
Tamasha,1
Tan-Badan,1
Tangewala,1
Tangewali,1
Tango Charlie,1
Tanhaji: The Unsung Warrior,1
Tank Cleaner,1
Tansen,1
Tanu Weds Manu,1
Tanu Weds Manu Returns,1
Tapasya,1
Tapish,1
Taqdeer,1
Taqdeer Ka Tamasha,1
Taqdeerwala,1
Tara Mira,1
Tara: The Journey of Love and Passion,1
Tarana,1
Tarang,1
Tarazu,1
Target,1
Tarkeeb,1
Tarkieb,1
Tarpan (The Absolution),1
Tarpan: The Salvation,1
Tarzan 303,1
Tarzan and King Kong,1
Tarzan Aur Jadui Chirag,1
Tarzan's Daughter,1
Tashan,1
Tathagatha Buddha The Life & Times of Gautama Buddha,1
Tathastu,1
Tauba Tauba,0
Tawai: A Voice from the Forest,1
Tawaif,1
Taxi Chor,1
Taxi Driver,1
Taxi Driver,1
Taxi No. 9 2 11: Nau Do Gyarah,1
Taxi Taxie,1
Te3n,1
Team: The Force,1
Teen Bahuraniyan,3
Teen Chor,1
Teen Devian,1
Teen Patti,1
Teen Sardar,1
Teen Sau Din Ke Baad,1
Teen Taal,1
Tees Maar Khan,1
Teesra Kaun,1
Teesra Kaun?,1
Teesri Aankh,1
Teesri Aankh: The Hidden Camera,1
Teesri Kasam,1
Teesri Manzil,1
Tehzeeb,1
Tejasvini,1
Telephone,1
Tell Me O Kkhuda,1
Ten,1
Tennis Buddies,1
Tera Intezaar,1
Tera Jadoo Chal Gayaa,1
Tera Kya Hoga Johnny,1
Tera Mera Saath Rahen,1
Tera Mera Tedha Medha,3
Teraa Surroor,1
Tere Bin Laden,0
Tere Bin Laden: Dead Or Alive,3
Tere Bina Kya Jeena,1
Tere Ghar Ke Samne,1
Tere Ishq Nachaya,1
Tere Liye,1
Tere Mere Phere,1
Tere Mere Sapne,1
Tere Mere Sapne,1
Tere Naal Love Ho Gaya,1
Tere Pyaar Mein,1
Teree Sang: A Kidult Love Story,1
Teri Baahon Mein,1
Teri Bhabhi Hai Pagle,1
Teri Dilli Meri Dili,1
Teri Diwali Meri Christmas,1
Teri Kasam,1
Teri Maang Sitaron Se Bhar Doon,1
Teri Meherbaniyan,1
Teri Meri Kahaani,1
Teri Payal Mere Geet,1
Terror,1
Terror Strike,1
Tevar,1
Tezaab,1
Tezz,1
Thackeray,1
Thakshak,1
Thamizhan,1
Thanedaar,1
Thanga Magan,1
Thank You,3
Thanks Maa,1
Thappad,1
That Girl in Yellow Boots,1
That's What It's All About: The Journey of Prem Ratan Dhan Payo,1
Thavasi,1
Thayillamal Nannilai,1
The Accidental Prime Minister,1
The Angrez,3
The Angrez 2,1
The Announcement of War,1
The Arms Drop,1
The Attacks of 26/11,1
The BFG,1
The Big Bull,1
The Blue Umbrella,1
The Blueberry Hunt,1
The Body,1
The Brawler,1
The Bright Day,1
The Burning Train,1
The Chess Players,1
The Churning,1
The Court Dancer: Raj Narkati,1
The Darjeeling Limited,1
The Dark Side of Life: Mumbai City,1
The Deceivers,1
The Dirty MMS,1
The Dirty Picture,1
The Dirty Relation,1
The Don,1
The Dream Job,1
The Elder One,1
The Fakir of Venice,1
The Fiancee,1
The Film,1
The Film Emotional Atyachar,1
The Film Love.Com... The Ultimate Killing Site,1
The Final Exit,1
The Firm Land,1
The Flip Side: A Truth That Could Not Reach You,1
The Forest,1
The Gentleman,1
The Ghazi Attack,1
The Girl on the Train,1
The Goa Run,1
The Good Road,1
The Great Gambler,1
The Great Indian Butterfly,1
The Great Indian Escape,1
The Grey,1
The Hero of Color City,1
The Hero: Love Story of a Spy,1
The Hidden Strike,1
The Himalayan Diaries,1
The Holy Fish,1
The House Next Door,1
The Hundred Bucks,1
The Hundred-Foot Journey,0
The Hungry,1
The Idiotmaker's Gravity Tour,0
The Impossible Murder,1
The Jinx,1
The Journey of Karma,1
The Journey Weekend Night,1
The Killer,1
The Last Color,1
The Last Tale of Kayenaat,1
The Lastbenchers,1
The Legend of Bhagat Singh,1
The Legend of Drona,1
The Lift Boy,0
The Light of the World,1
The Light: Swami Vivekananda,1
The Lost Salesman of Delhi,1
The Lovers,1
The Lunchbox,1
The Monster,1
The Morning Breeze,1
The Murderer: Hamilton Palace,1
The Mystic Masseur,0
The Naxalites,1
The Other End of the Line,1
The Other Side of the Door,1
The Past,1
The Perfect Girl,1
The Pickup Artist,1
The Power,1
The President Is Coming,3
The Prince of Light,1
The Princess and the Hunter,1
The Pushkar Lodge,1
The Rally,1
The Reluctant Crime,1
The Revenge: Geeta Mera Naam,1
The Royal Bengal Tiger,1
The Savage Princess,1
The Second Best Exotic Marigold Hotel,1
The Seventh Horse of the Sun,1
The Shaukeens,3
The Shepherdess and the Seven Songs,1
The Sholay Girl,1
The Silence,1
The Silent Heroes,1
The Skies Have Bowed,1
The Sky Is Pink,1
The Song of Scorpions,1
The Spectacular Jihad of Taz Rahim,1
The Square Circle,1
The Stoneman Murders,1
The Tape,1
The Tashkent Files,1
The Threshold,1
The Touch,1
The Train,1
The Train,1
The Train: Some Lines Should Never Be Crossed...,1
The Tree,1
The Unsound,1
The Untitled Kartik Krishnan Project,1
The Villain,1
The Violin Player,1
The Waiting Room,1
The Warrior,1
The Web of the Witch,1
The White Elephant,1
The White Tiger,1
The Wife,1
The Window,1
The World of Fashion,1
The Writer,1
The Xpose,1
The Zoo,1
The Zoya Factor,1
Thee,1
Thikana,1
Thikka,1
THIRUMATHI PALANISAMY,1
Thoda Pyaar Thoda Magic,1
Thodasa Roomani Ho Jaayen,1
Thodi Thodi Si Manmaaniyan,1
Thodisi Bewafaii,1
Thokar,1
Thoongathey Tambi Thoongathey,1
Three and a Half,1
Three Atrangi Jai-Veeru-Gabbar,3
"Three: Love, Lies, Betrayal",1
Through the Eyelashes,2
Thugs of Hindostan,1
Tiger,1
Tiger Zinda Hai,1
Tigers,1
Tikli and Laxmi Bomb,1
Time Out,1
Time Pass,1
Time to Dance,1
Time To Retaliate: MASOOM,1
Tinku,1
Tirangaa,1
Tirchhi Topiwale,1
Tishnagi,1
Titli,1
Titoo MBA,1
To B or Not to B,1
To Fall in Love,1
Toba Tek Singh,1
Toh Baat Pakki!,0
Tohfa,1
Tohfa Mohabbat Ka,1
Toilet: A Love Story,0
"Tom, Dick, and Harry",1
Tony: My Mentor the Serial Killer,1
Toofan,1
Toofan,1
Toofani Tarzan,1
Toonpur Ka Superrhero,1
Toote Khilone,1
Tope,1
Topless,1
Torbaaz,1
Total Dhamaal,1
Total Siyapaa,1
Tottaa Pataaka Item Maal,1
Touhean,1
Traffic,1
Traffic Signal,1
Train Station,1
Train to Pakistan,1
Trapped,1
Trapped in Tradition: Rivaaz,1
Tribhanga,1
Tridev,1
"Trikal (Past, Present, Future)",1
Trimurti: Bond of Three,1
Trinetra,1
Trip to Bhangarh: Asia's Most Haunted Place,1
Trishagni,1
Trishna,1
Trishna,1
Trishul,1
Triveni,1
Triyacharitra,1
Tryst with Destiny,1
Tu Chor Main Sipahi,1
Tubelight,1
Tuesdays and Fridays,1
Tujhe Meri Kasam,1
Tujhse He Raabta,1
Tulsi Vivah,1
Tulsi: Mathrudevobhava,1
Tum Bin 2,1
Tum Bin...: Love Will Find a Way,1
Tum Haseen Main Jawan,1
Tum Ho Yaara,1
Tum Mere Ho,1
Tum Mile,1
Tum Milo Toh Sahi,0
Tum Se Achcha Kaun Hai,1
Tum: A Dangerous Obsession,1
Tumbbad,1
Tumhare Bina,1
Tumhari Kassam,1
Tumhari Sulu,0
Tumko Na Bhool Paayenge,1
Tumsa Nahin Dekha,1
Tumsa Nahin Dekha,1
Tumse Achha Kaun Hai,1
Tunnu Ki Tina,0
Turning 30!!!,1
Turup (Checkmate),1
Tutak Tutak Tutiya,1
Tutiya Dil,1
"Twisted Trunk, Big Fat Body",3
Tyagi,1
Typecaste,3
U Me Aur Hum,1
U R My Jaan,1
"U, Me Aur Ghar",1
Udaan,1
Udaan,1
Udanchhoo,3
Udhar Ka Sindur,1
Udta Punjab,1
Ugly,1
Ugly Aur Pagli,0
Ujala,1
Ujala Hi Ujala,1
Ujda Chaman,3
Uljhan,1
Umakant Pandey Purush Ya,1
Umang,1
Umar,1
Umar 55 Ki Dil Bachpan Ka,1
Umbartha,1
Umformung: The Transformation,1
Umrao Jaan,1
Umrika,0
Under the Same Sun,1
Undertrial,1
Unees Bees,1
Unfreedom,1
Ungli,1
"Unicorn, the Garden of the Fruits",1
Union Leader,1
Unmatta,1
Unns: Love... Forever,1
Unpaused,1
Upeksha,1
Uphaar,1
Upkar,1
Upstarts,1
Uran Khatola,1
Uri: The Surgical Strike,1
Used,1
Uski Roti,1
Usne Kaha Tha,1
Ustaad,1
Ustadi Ustad Se,1
Ustadon Ke Ustad,1
Ustadon Ke Ustad,1
Utopia,1
Utsav,1
Utt Pataang,0
Uttar Dakshin,1
Utthaan,1
Uuf Kya Jaadoo Mohabbat Hai...,1
Uvaa,0
V,1
Vaada,1
Vaada Raha... I Promise,1
Vaah! Life Ho Toh Aisi!,1
Vaasna,1
Vaastav: The Reality,1
Vaastu Shastra,1
Vachan,1
Vachan,1
Vada Chennai,1
Vaishali,1
Vakil Babu,1
Vallah Kya Baat Hai,1
Valley of Flowers,1
Valmiki,1
Vamsee,1
VanRakshak,1
Vansh,1
Vardaan,1
Vardi,1
Vatsyayana Kamasutra,1
Vedi,1
Veer,1
Veer Amarsingh Rathod,1
Veer Savarkar,1
Veer Yodha Prithviraj Chauhan,1
Veera,1
Veera Madakari,1
Veeram,1
Veerana,1
Veerappan,1
Veere Di Wedding,3
Veerey Ki Wedding,1
Veergati,1
Veergati,1
Veerta,1
Veeru Ustaad,1
Veer-Zaara,1
Veettilekkulla Vazhi,1
Vellore Maavattam,1
Vetri Vizha,1
Via Darjeeling,1
Viceroy's House,1
Vicky Dada,1
Vicky Donor,1
Victoria No. 203,1
Victor's History,1
Victory,1
Vidhaata,1
Vidhyaarthi: The Power of Students,1
Vidrohi,1
Viduthalai,1
Views of the Inner Chamber,1
Vihir,1
Vijay,1
Vijaypath,1
Vijeta,1
Vikalp,1
Vikram,1
Villu,1
Vilom,1
Vinashak - Destroyer,1
Viraam,1
Viraat,1
Virasat,1
Virgin Bhanupriya,0
Virodhi,1
Viruddh... Family Comes First,1
Visakha Express,1
Vishnu-Devaa,1
Vishnuvardhana,1
Vishwaroopam,1
Vishwaroopam 2,1
Vishwasghaat,1
Vishwatma,1
Vivah,1
Vivekananda,1
Vodka Diaries,1
Vroom,1
W,1
Waah! Tera Kya Kehna,1
Waaris,1
Wafaa,1
Wafaa,1
Wafadaar,0
Wah Taj,1
Wahan Ke Log,1
Waiting,0
Wajah Tum Ho,1
Wajood,1
Wake Up India,1
Wake Up Sid,1
Walking with the Wind,1
Wanted,1
Wanted: Dead or Alive,1
Wanton,1
Waqt,1
Waqt Hamara Hai,1
Waqt Ki Awaz,1
Waqt Ki Deewar,1
Waqt: The Race Against Time,1
War,1
War Chhod Na Yaar,1
Wardat,1
Waris,1
Warning,1
Warrant,1
Warrior Savitri,1
Watan Ke Rakhwale,1
Water,1
Wazir,1
We Are Family,1
We R Friends,1
Wedding Anniversary,1
Wedding Pullav,1
Welcome,1
Welcome 2 Karachi,1
Welcome Back,1
Welcome Home,1
Welcome M1LL10NS,1
Welcome on Board,1
Welcome to London,1
Welcome to New York,0
Welcome to Sajjanpur,0
Well Done Abba!,3
What are the Odds?,1
What If?,1
What the Fish,1
What's Your Raashee?,1
When Kiran Met Karen,1
When Love Calls,1
When Obama Loved Osama,3
When One Falls in Love,1
Where Has the Time Gone?,1
White Rainbow,1
Who,1
Who's There?,1
Why Cheat India,1
Will You Marry Me,3
Win Marathon,1
Winner,1
Wishlist,1
With Luv... Tumhaara,1
Woh 7 Din,1
Woh Jo Hasina,1
Woh Kaun Thi?,1
Woh lamhe...,1
Woh Main Nahin,1
Woh Tera Naam Tha,1
Wohi Bhayanak Raat,1
Woman from the East,1
Writing with Fire,1
Wrong Number,1
X Zone,1
X: Past Is Present,1
Xcuse Me,3
Y.M.I. Yeh Mera India,1
Ya Rab,1
Yaad Rakhegi Duniya,1
Yaadein...,1
Yaadon Ki Zanjeer,1
Yaan,1
Yaar Gaddar,1
Yaar Mera,1
Yaara,1
Yaara Silly Silly,1
Yaarana,1
Yaariyan,1
Yaaron Ka Yaar,1
Yadon Ki Kasam,1
Yagavarayinum Naa Kakka,1
Yahan Sabhi Gyani Hain,3
Yahudi,1
Yakeen,1
Yakeen,1
Yakshi Faithfully Yours,1
Yalgaar,1
Yamdas,1
Yamini,1
Yamla Pagla Deewana 2,1
Yamla Pagla Deewana Phir Se,1
Yaraana,1
Yash,1
Yash Raaj aur Film!,3
Yashoda Krishna,1
Yateem,1
Yatra,1
Ye Stupid Pyar,1
Yea Toh Two Much Ho Gayaa,1
Yeh Ballet,1
Yeh Desh,1
Yeh Dil,1
Yeh Dil Aashiqanaa,1
Yeh Dil Kisko Doon,1
Yeh Dil Ramta Jogi,1
Yeh Dillagi,1
Yeh Dooriyan,1
Yeh Gulistan Hamara,1
Yeh Hai Bakrapur,0
Yeh Hai Chakkad Bakkad Bumbe Bo,1
Yeh Hai India,1
Yeh Hai Jalwa,1
Yeh Hai Mumbai Meri Jaan,1
Yeh Hai Pyar Ka Mausam,1
Yeh Jawaani Hai Deewani,1
Yeh Jo Mohabbat Hai,1
Yeh Kaisa Insaf?,1
Yeh Kaisa Tigdam,1
Yeh Kaisi Mohabbat,1
Yeh Lamhe Judaai Ke,1
Yeh Majhdhaar,1
Yeh Raaste Hain Pyaar Ke,1
Yeh Raat Phir Na Aayegi,1
Yeh Rastey Hain Pyar Ke,1
Yeh Saali Aashiqui,1
Yeh Saali Zindagi,1
Yeh Suhaagraat Impossible,3
Yeh To Kamaal Ho Gaya,1
Yeh Vaada Raha,1
Yeh Zindagi Ka Safar,1
Yeh Zindagi Kitni Haseen Hai,1
Yehi Hai High Society,1
Yehi Hai Zindagi,0
Yes Boss,1
Yeshwant,1
Yodha,1
You Are My Sunday,0
Youngistaan,1
"Your Home, My Home",0
Yours Truly,1
Youth,1
Yudh,1
Yug the law of karma,1
Yuva,1
Yuvraaj,1
Yuvvraaj,1
Zaalim,1
Zabardast,1
Zahreelay,1
Zakhm,1
Zakhmi Aurat,1
Zakhmi Dil,1
Zakhmi Rooh,1
Zakhmo Ka Hisaab,1
Zalim,1
Zalzala,1
Zamaana Deewana,1
Zamaanat,1
Zamaane Ko Dikhana Hai,1
Zamana,1
Zamane Se Kya Darna,1
Zameen,1
Zameen Aasmaan,1
Zameen Aasmaan,1
Zameer,1
Zameer,1
Zamindar,1
Zanjeer,1
Zanjeer,1
Zapatlela,1
Zara sambhal ke,1
Zara Si Zindagi,2
Zaroorat,1
Zed Plus,3
Zeher,1
Zehreela Insaan,1
Zero,1
Zid,1
Zid,1
Ziddi,1
Ziddi,1
Zila Ghaziabad,1
Zimbo,1
Zimbo Shaher Mein,1
Zinda,1
Zinda Dil,1
Zinda Laash,1
Zindagani,1
Zindagi,1
Zindagi,1
Zindagi,1
Zindagi,1
Zindagi 50 50,0
Zindagi Aur Maut,1
Zindagi Ek Safar,1
Zindagi Jalebi,3
Zindagi Khoobsoorat Hai,1
Zindagi Na Milegi Dobara,0
Zindagi Tere Naam,1
Zindagi Tumse,1
Zindagi Zindabad,1
Zokkomon,1
Zoo,1
Zor: Never Underestimate the Force,1
Zorro,1
Zubaan,1
Zubeidaa,1
Zulm Ki Zanjeer,1
Zulmi,1
Zulm-O-Sitam,1
